Pubchem_ID,taste_cluster,SMILES
95609,0,CCC(C(=O)CC)O
104224,0,CCCCCCCCCCC(OC)OC
5284499,6,CCCCCCCCC=CCCCCCCCCO
10886,4,CCCCCC(=O)OCCCCC
12978217,3,CC=CC(=O)C1C(C=CCC1(C)C)C
61400,1,COC1=C(C=C(C=C1)C=C)OC
605629,4,CC(C)(C)C1=CC=C(C=C1)CC(=O)OC
121667,0,CCOC1C(C(C(C(O1)CO)O)O)O
6428802,0,CC1=C(N=C2CCCC2=N1)C
61405,7,C=CCOC(=O)CCCC1CCCCC1
7749,3,CCC(=O)OCC
12217,7,CCCCCOC(=O)CC
61183,7,CCC(=O)OCC1CCCO1
16418,2,C=CCCC=O
62901,2,CCCCCCCCOC(=O)C1=CC=CO1
27941,0,CCC(C)(C)C1CCC(=O)CC1
7733,3,CC(C)COC(=O)CCC1=CC=CO1
98461,4,CC1COC(O1)C(C)C
6019677,4,CCC=CCCC1CCC(=O)O1
5354899,6,CCCCCCCCCC=CC=O
20739,0,CC(C)C1CCC(CC1)O
106756,4,CCCCCCC1C(CC(=O)O1)C
8748,1,CC(=C)C1CCC(CC1)(C)O
77153,0,C1CCCCCCC(=O)CCCCCC1
576021,3,CCCCCCCCCOC(=O)CCCCC
8499,1,COC1=CC=C(C=C1)C(=O)OC
6435033,4,CCC=CCCOC(=O)C(=CC)C
111470,6,CC(C)CCCCCCC(=O)O
5281522,0,CC1=CCCC(=C)C2CC(C2CC1)(C)C
528698,0,CCC1=C(C(=O)CC1C)O
5354998,2,CC(C)C=CC=O
5463910,4,CCC(C)CCCC(C)C=O
71587638,4,CCC=CCC=CCCOC(=O)C
527991,3,CCCOC(=O)CCC(C)C
5282722,2,CCCCCCC=CC(=O)O
61296,7,CC(C)CCOC(=O)CC(=O)C
81045,2,CCCCCCCCC(=O)OCCCCCC
109637,0,CCCCCC(=O)OC1=CC=C(C=C1)C
82336,0,CN(C)C1=CC=CC=C1C(=O)OC
5283324,2,CCCCCC=CC=O
221691,4,CCCCCCOC(=O)CC1=CC=CC=C1
281254,7,COC(=O)CCCC1=CC=CC=C1
75033,1,C1=CC=C(C=C1)OCC=O
14079,0,CC(=O)C1=CC=CN1
14249070,7,CCCC(=O)C(C)(C(=O)OCC)O
62321,7,CCCC(=O)OC(C)(CCC=C(C)C)C=C
109828,0,CCCC(=O)OC1=C(CCC1=O)C
1201521,1,CC1(C2CCC(C2)(C1=O)C)C
2758,0,CC1(C2CCC(O1)(CC2)C)C
5367761,3,CCC=CC(=O)OCC
1551246,4,CC(=CCCC(=CC#N)C)C
62017,3,CC(=O)C1(CCCCC1)OC(=O)C
117477,3,CCOC(=O)CCC(C)C
5356259,0,CC=CC(=O)OCC1=CC=CC=C1
8175,1,CCCCCCCCCC=O
347744,7,CC(C)C(=O)OCCC1CCCCC1
137829,3,CC(C1CCCCC1)O
175211,0,CCOC(C)(CCC=C(C)C)C=C
37065,4,CCC=CCCOC(=O)CC(C)C
6877,4,CCOC(=O)C1=CC=CC=C1N
13181,4,C=CCCCO
107065,0,CC1CCC2C13CC(C2(C)C)C(=C(C3)C(=O)C)C
70273,3,CC(=O)OC1CCCC1
62897,0,CC(=C)C1=NC=CN=C1
6437578,0,CC(=CCCC(=CC1OCC(O1)CO)C)C
10882,3,CCCCC(=O)OCC
62583,3,CCCCC1CCCCC(=O)O1
71407321,4,CCCCCCC=CCC(=O)OCC
5352837,4,CCC=CCCCCO
7461,0,CC1=CCC(=CC1)C(C)C
549544,7,CCCCCCCCC(C(=O)OC)O
61524,2,CCCCCCCCC#CC(=O)OC
5366203,3,CCCCC(C=CC)O
11344071,4,CC(C)(C)C(=O)OCC=C
94077,3,CCCC(=O)OC1CC2(CCC1C2(C)C)C
111509,1,CC(=O)CCO
95136,1,CCOC(C1=CC2=C(C=C1)OCO2)OCC
11406,3,C=CCOC(=O)C1=CC=CC=C1
38762,6,CCCCCCCCCCCCCCC(=O)OCC
109418,0,CC1CCC(C(C1)C)CO
60997,0,CC1=CC=C(C=C1)OC(=O)CC2=CC=CC=C2
14519,1,CC1=CC(=C(C=C1)OC)O
54675810,5,C(C(C1C(=C(C(=O)O1)O)O)O)O
562563,3,C=CCC(C=O)C1=CC=CC=C1
3019775,2,CCC(C)C(=O)OCCC(=C)C
98218,4,CCCC1OCC(O1)C
20200,3,CCC=CCC(=O)O
5283348,2,CCCC=CCCCCC=O
5363491,7,CC=CC=CCOC(=O)C
223944,3,CCCCOC(=O)C(C)OC(=O)C
12391,0,CCCCCCCCCCCCCCC
87986756,2,CC1=CC(C(CC1)C(C)C)C=O
53445325,4,CCCCCC=C(C)O
94310,0,CCCCC(CC)COC(=O)C1=CC=CC=C1
53422437,2,CCCCCOC(CCC)OCC
4925262,1,C1CC(OC1)COC(=O)C=CC2=CC=CC=C2
14745448,3,CCCCCCOC(=O)CCC(=O)C
80345,1,CCOC1=CC=C(C=C1)CO
5363203,4,CCCCC=CCOC(=O)C
5356256,3,CCCCCOC(=O)C=CC
643779,3,CC(=CCCC(=CC=O)C)C
11513,4,CCCC(CCC)O
61130,0,CC1(C2CC=C(C1C2)C=O)C
10353,0,CC1CCC(CC1)C(C)(C)O
54343029,6,CCCCCCCCCC=CC=CC=CC=O
11006,0,CCCCCCCCCCCCCCCC
106788,0,CCCCCCCCCC(C)C(OCC)OCC
16666,0,CC1CCC(C(C1)O)C(C)C
5363817,0,CC1=CCCC(C1C=CC(C)O)(C)C
6050,7,CCCC(=O)OCC(COC(=O)CCC)OC(=O)CCC
7288,3,CCC(=O)CC
5705112,1,C1=CC=C(C=C1)C=CCOC(=O)C2=CC=CC=C2
15336,4,CCCCCC1OCC(O1)C
13097902,0,CCNC1=CC=CC=C1C(=O)OC
10405,2,CCCCC(=O)CCCC
80454,3,CC(C)C(=O)OCC1=CC=CO1
8121,1,CC(=O)OCCOC(=O)C
10583,0,CC(=C)C1CCC(C(C1)C(=C)C)(C)C=C
33960,0,CCCCCC1=CC=CC(=O)O1
8257,3,CC(C)(C=C)O
93649,0,COC1=C(C=CC(=C1)CC=C)OCC2=CC=CC=C2
8164,4,CCCCCCCCOC(=O)C
85686435,6,CCCCCC=CC(=O)OCCC
18938,2,CC(CCO)CC(C)(C)C
5362814,2,CCC=CCCC=O
16582,7,CC(C)COC1=CC2=CC=CC=C2C=C1
5355293,3,C1CCCC=CCCCCCCOC(=O)CCC1
8103,3,CCCCCCO
10362,0,CC1CCC(CC1=O)C(C)C
443159,0,CC1CCC(C(=O)C1)C(C)C
6436582,0,CC1=CCCC(=C)C=CC(CC1)C(C)C
142775203,3,CCC(COC(=O)C)C(=O)OC
5367530,0,CCCCCCCC=CC=CC=O
5282109,4,CC(=CCCC(=CCOC=O)C)C
61092,4,CC(CCCC(=C)C)CCOC=O
4574094,4,CCCCCC=C1CCCC1=O
170977,0,CCCCCCCC(C=C)O
6435839,2,CCCCCCCOC(=O)C=CC1=CC=CC=C1
87466,2,CCCC1=NC=CN=C1
579338,0,CCN1C=CC=C1C=O
31954,3,CCC(=O)OCCOC1=CC=CC=C1
7921,1,CC1CCC(=O)O1
14297102,1,CCC(C)CCCCC=O
61235,4,CCCCCCC(=O)CC
243783,7,CCCC(=O)OC1CCCCC1
7150,7,COC(=O)C1=CC=CC=C1
3015865,3,CC1=CCC(C1(C)C)C(C)OC(=O)C
88453,3,CCCCCOC(=O)CCC(=O)C
117385,2,CCOC(C)(C)C1CCC(=CC1)C
93081,4,CC1CCC(C2C13C2C(=C)CC3)C(C)C
219672,3,CC(C)CC(=O)CC1=CC=CC=C1
7909,4,CC(C)CC(=O)C
79310,1,COCC1=CC=C(C=C1)O
22928293,0,CCC1(COC(=O)O1)C
166371,3,CCCCCCCCCCOC(=O)CC(C)C
7731,1,CC1=CC=C(C=C1)OC
13669,1,CC(=O)C1=CC=C(C=C1)C(C)(C)C
74507,3,CCCOC(=O)CC(=O)C
8868,4,CCOC(=O)CC(=O)C
61670,0,CC1=C2C(=CC=C1)N=CC=N2
638014,3,CC1=C(C(CCC1)(C)C)C=CC(=O)C
62900,0,CCCCC1C(CC(=O)O1)C
109319,7,CC1CCC(C(C1)OC(=O)C(C)C)C(C)C
91604,0,CC(C)(CCCC1=CCC(CC1)C=O)O
5280536,0,COC1=C(C=CC(=C1)C=CC=O)O
8857,0,CCOC(=O)C
31291,6,CCCCCCCCCCCCCC=O
66193,0,CC(C(C)OC(=O)C)OC(=O)C
20357,4,CCCCCCC1OCC(O1)C
6568,0,CCC(C)O
5385520,4,CCCCC(=CC1=CC=CC=C1)C=O
638500,2,CC(=CCCC(=CCCC(=CCOC(=O)C)C)C)C
54676860,5,C(C(C1C(=C(C(=O)O1)O)O)O)O
6873,1,CC(C)COC(=O)C1=CC=CC=C1O
6306732,4,CCC=CCCOC=O
87927,2,CCC=CCCC(=O)C
8768,0,C1=CC(=C(C=C1C=O)O)O
22556,3,CCCCCCCCCCC(=O)C
7654,7,CC(=O)OCCC1=CC=CC=C1
62069,2,CCC1=NC(=C(O1)C)C
287439,3,CC(C)CC(=O)OC1CCCCC1
5383810,7,CC=CC=CCOC(=O)C(C)C
61715,2,CC(C)CC1=CN=CC=C1
8047,6,CCCCCCCCCCCCCC(=O)OCCCC
5365976,7,CC1=CCCC(C1C=CC(=O)CCC=C)(C)C
7043,1,COC1=CC=CC=C1OC
14104,0,CC1=CC(=C(C=C1)C(C)C)OC
81784,7,CCOC(=O)C1=CC=CC=C1OC
261,4,CCCC=O
109095,3,CCCCCCCCC(=O)OCCCCC
5364778,4,CCCC=CC(=O)OCC
61516,3,CCC(C)(CCC1=CC=CC=C1)O
5318516,0,CCCCCC=CC=CC(=O)NCC(C)C
12756,1,CCC1CCC(=O)O1
61167,4,CCCC(=O)OCC1=CC=CO1
10364,0,CC1=C(C=C(C=C1)C(C)C)O
15037,0,C1=CN(C=C1)CC2=CC=CO2
3020407,2,CCOC(CC(C)C)OCC(C)C
14529,0,CC1=CC=C(C=C1)C(C)(C)O
61290,2,CC(CCC=C(C)C)CC(=O)OC
5357159,7,CC(C)C(=O)OC(C)(CCC=C(C)CCC=C(C)C)C=C
229888,4,CCCCCCCC(=O)OCCC1=CC=CC=C1
7045,0,C1=CC=C2C(=C1)N=CC=N2
61696,1,CC(=O)OC1C(C2CCC1(C2)C)(C)C
10883,4,CCOC(=O)CCC(=O)C
289,0,C1=CC=C(C(=C1)O)O
3017783,3,CCOC(=O)CC(C)CC(C)(C)C
81006,3,CCCCCCCCC(=O)OCCC
5282726,0,CCCCCC=CCCC(=O)O
5283316,4,CCCCC=CC=O
6436990,4,CCC=CCCOC(=O)C=CC
88454,3,CCCCCCOC(=O)CC
517959,3,CCCOC(=O)CC(=O)OCCC
62911,1,CC(CCC1=CC=CC=C1)C=O
84825,0,CC1=C(OC=C1)CC=C(C)C
556916,0,C1=COC(=C1)COC=O
5358374,2,CCC(=O)C=CC
13654,7,CC(C)OC(=O)C1=CC=CC=C1
572534,0,CCCCCCC(=O)OC1=CC=C(C=C1)C
92083,1,CCC=CC=CC=CC=O
61997,2,CC(=CC(=O)OCCC1=CC=CC=C1)C
10329,1,C1COC2=CC=CC=C21
23368,3,CC(C)OC(=O)CCCCC(=O)OC(C)C
27460,0,CCC1=CN=C(C(=N1)C)C
7341,0,CCCC(C)C(=O)O
61634,0,CC1CC(C(=O)C1=O)C
18467,2,COC1=NC=CN=C1
140045960,2,CCCCCCOC(CC(C)C)OCCCCCC
86782,3,CCC(C)CC(CC)O
6435833,7,CC=CC=CC(=O)OCC=C
69278,0,COC1=CC=NC=C1
25612,0,C=CCCCCCCCCO
129717465,2,CCCCCC=CC=CC=CO
5355850,3,CCC(=O)OCC=CC1=CC=CC=C1
7616,0,CCCN(CCC)CCC
5355414,3,COC(=O)C=CC1=CC=CO1
5280598,1,CC(=CCCC(=CCCC(=CC=O)C)C)C
442482,0,CC1=CCC(C=C1)C(C)C
6985,1,CC1=CC(=C(C=C1)C(=O)C)C
118823,1,CC(C)CCN=CCC(C)C
11450,0,CC(C)(C)C1=CC(=CC=C1)O
11569,1,COC1=CC=CC(=C1)C=O
6005821,2,CCCCCC(=CC1=CC=CC=C1)C(OC)OC
109183,2,CCCCCCCCCC(C)C(OC)OC
53424309,0,CCCCCCCC=C(CCCCCC)C=O
155007,1,CC(C=O)C1CCC(O1)(C)C=C
57357659,2,CCCCC=CC1C(CC(=O)O1)C
10989,4,CC(C)CCOCCC(C)C
44443281,4,CC=CC=CC(=O)OCCC(C)C
5280802,1,COC1=CC(=CC(=C1O)OC)C=CC=O
82584,3,CCCCC(=O)OCC1=CC=CC=C1
5271566,3,CCOC(=O)C=CC(=O)OCC
17121,3,CCCCCC(C=C)OC(=O)C
92779,3,CC(C)CC(C(=O)O)O
4056868,4,CCC=C(C)C(=O)OC
8835,7,CCCC(=O)OCCC(C)CCC=C(C)C
69154,1,COC1=CC=CC=C1CO
14514,0,CC1=CC=C(O1)C(=O)C
637511,0,C1=CC=C(C=C1)C=CC=O
6435828,0,CC(=CC1=CC=CO1)C=O
575426,4,CCCCOC(=O)C=CCCC
5363741,2,CC(=O)C=CC1C(=C)CCCC1(C)C
349945,3,CCCCCC(=O)OCC(C)OC(=O)CCCCC
110760,7,CCCCCC(=O)OC1CC(CCC1C(C)C)C
80388,3,CCCCCC(=O)OC1CCCCC1
7136,7,CC(=O)OC1=C(C=C(C=C1)CC=C)OC
12266,0,CC1=CC=C(O1)C
10315,7,CCCC(=O)C1=CC=CC=C1
10975,0,CC(C)(CCCC(=C)C=C)O
5463904,4,CCCCCCCC=CC(=O)OCC
5610,0,C1=CC(=CC=C1CCN)O
61159,1,CC1=CC=CC=C1OC(=O)C2=CC=CC=C2O
103310,0,CCC(=O)OCCCCCCC(C)C
16205802,3,CCCC(=O)OC1=C(OC=CC1=O)CC
106158,1,CCOC(CCCCCC(C)C)OCC
7792,1,CC(C)CCCC(C)CCO
5352974,4,CCCCC(=O)OCC=CCCC
62592,4,CCCCCCCOC(=O)CCC
13204,1,CC1CCCC(=O)O1
94164,1,CC(=CCCC1(C2CC3C1(C3C2)C)C)C
11508,4,CCC(C)CCO
7685,3,CC1=CC=C(C=C1)OC(=O)C(C)C
3017624,0,CC(COC)C1=CC=CC=C1
9027,1,CCC(C)CCC(C)(CC)O
3018500,3,CCCCCC(C)(CC(C)C)O
442495,0,CC1CCC(=C(C)C)C(=O)C1
22386,0,CCCC(C)O
5356250,1,CCOC(C=CC1=CC=CC=C1)OCC
7997,3,CCCOC(=O)C
22011447,2,CCCCCC(OCCCCC)OCCCCC
97895,3,CCOC(C)OC(=O)C
73604801,2,CCCCC=COC(=O)C=CC1=CC=CC=C1
85431481,4,CCCCC=COC(=O)C1=CC=C(C=C1)OC
5282729,4,CCCCCCCCCC=CC(=O)O
31260,0,CC(C)CCO
13468584,3,CCC(C(=O)OC)OC(=O)C
43263,4,CCCC(C)OC(=O)CCC
5352770,4,CCCC=CCCC(=O)OCC
78067165,3,CCC(C(=O)OCC)OC(=O)C
8471,0,CCN(CC)CC
221069,7,CCCOC(=O)CCC(=O)C
66774,0,COC(=O)CO
104170,3,CCCCCCCCCCOC(=O)CCCCC
31231,0,CC(=O)CC1=CC=C(C=C1)OC
10869,3,COCC1=CC=CC=C1
62378,3,CCCCCC1=C(CCC1=O)C
3018221,2,CCCCCCCCC=COC
11420,0,CC1=C(N=CC=C1)C
7478,1,COC1=CC=C(C=C1)C(=O)O
8361,3,C1=CC=C(C=C1)OC(=O)C2=CC=CC=C2O
8697,3,CCCCC(CC)C(=O)O
30248,1,CC1CCC(CC1OC(=O)C)C(=C)C
85730,1,CC1C(=O)C=C(O1)C
79782,1,COC1=CC=C(C=C1)CC=O
85755,0,CC1=CCC(CC1)C(C)(C)OC
7632,1,CC(C)(CCC1=CC=CC=C1)O
522214,4,CCC(C)C(=O)OC(C)C
163588,3,CCCC(C)COC(=O)C(C)CCC
7820,4,COC(=O)CCC(=O)OC
226912,3,CCCC(C)C(=O)OCCC(C)C
288227,0,CC1CCC=C2C1(CC(CC2)C(=C)C)C
7945,3,CCOC(=O)CC(C)C
101549,0,CC1CC(C=C(C2C1CC(=C(C)C)C2)C)O
5283361,0,CCCCCCCCCC=CC=O
6826,1,CNC1=CC=CC=C1C(=O)OC
75836,7,CCCCCCCCCOC(=O)CCC
50608,4,CCCCC=CCC(=O)OC
21363,0,C1CCC(CC1)CC(=O)O
6435837,7,CC1=CCC(CC1)C(C)(C)OC(=O)C=CC2=CC=CC=C2
23376,7,CC(=O)CC(=O)OC1CCCCC1
6428442,0,CC(=C)C1CCC(=C)C(C1)O
8419,1,COC1=C(C=C(C=C1)C=O)OC
61464,2,CC(C)(CC1=CC=CC=C1)OC=O
637564,4,CC=CC=CC=O
520148,4,CCC(C)C(=O)OCCC1=CC=CC=C1
104487,4,CCCCCCCCCCCC(OCC)OCC
31246,4,CCCC(=O)CCC
11030188,0,CC(=C)C1CC2C(O2)(C(=O)C1)C
71364274,6,CCCCCCCCCCCC(=O)OC(C)CCC
61590,3,CCC(=O)CC(=O)C(=O)OCC
6428088,7,CCCCC(=O)OCC1=CC=C(C=C1)OC
249494,1,CC(CCCC(C)(C)O)CCO
2733294,4,CCCC=CCOC(=O)C
6437163,3,CC(=CCCC(=CCOC(=O)C1=CC=CC=C1N)C)C
8467,1,CCOC1=C(C=CC(=C1)C=O)O
12777,0,CCCC1CCCC(=O)O1
62624,0,CCCCCCCCOC(=O)C1=CC=CC=C1O
638144,4,CCOC(=O)C=CC(=O)OCC
77225,4,CCCC(OCC)OCC
5084146,1,CCCCOCC1=CC(=C(C=C1)O)OC
5318042,4,CCCC=CCO
93831,7,CCCCCCCCCC(=O)OCC=C
12255414,4,CC(C)C(C=O)C1=CC=CC=C1
62908,7,CC(C)CC(C(=O)OC)O
1201552,1,CC1CCC2C13CC=C(C(C3)C2(C)C)C
16668,0,COC1=CC=CC2=CC=CC=C21
5463936,0,CCOCC=C(C)C
12278,3,CCCC(C)OC(=O)C
4,0,CC(CN)O
9261,0,C1=CN=CC=N1
68482,3,C1=CC=C(C=C1)C(=O)NC2=CC=CC=C2C(=O)O
62385,0,CC1=CC=C(C=C1)C(=C)C
7175,5,CCCOC(=O)C1=CC=C(C=C1)O
61402,3,CC(=C(C)C(=O)OCC1=CC=CC=C1)C
61453,2,CCCCCCC(OC)OC
6874,1,CC(C)CCOC(=O)C1=CC=CC=C1O
325,0,CC(C)C1=CC=C(C=C1)CO
16617,3,CCCCCC(=O)OCCC(C)C
565690,3,CC1CCC(C(C1)OC(=O)CC(C)C)C(C)C
21932488,3,CCCCC1(CCCCC1)OC(=O)C
5356787,1,CC1=CCCC(C1C=C(C)C(=O)C)(C)C
24915,3,CCCC(=O)OC(C)(C)CC1=CC=CC=C1
61985,1,CCCCCCCC(=O)OCC1=CC=CO1
68130,3,C1=COC(=O)C(=C1)O
379,6,CCCCCCCC(=O)O
6430162,0,CCCCCCCC=CCCC=O
11950,1,CCOC1=CC=CC=C1C=O
5282716,4,CCCCC=CCC(=O)O
29950,3,CCCCC(=O)OC1=CC=CC=C1
6997340,6,CCCCCC(C)CCC(=O)O
11370,5,COC1=CC=CC=C1C(=O)O
74361,0,CCCCCCC1OCC(CO1)O
5319754,4,CCC=C(C)C=O
6436368,4,CCCC=CC(=O)OCCC
15607,1,CCCCCCCCCCC(=O)OC
12178,0,CCCC(CC)O
5284503,4,CCC=CCCO
637566,1,CC(=CCCC(=CCO)C)C
7781,1,CCC(=O)OCCC(C)CCCC(=C)C
5364959,2,CCCCCC=CCO
1254,0,CC1CCC(C(C1)O)C(C)C
441644,6,CCCCCCCC1CCC(=O)O1
11419,0,CC1CCCCC1=O
5273469,1,C1=CC=C(C=C1)COC(=O)C=CC2=CC=CC=C2
12146,7,CC(=O)OC1CCCCC1
7352,0,CC(C)COC(=O)C(=C)C
5319691,0,CC(C)C(CCC(=O)C)C=CC(=C)C
10819,0,CC(=C)C1CCC(=CC1)CO
19022215,3,CCCC(=O)OCCCCO
84559,2,CCCCCCCCCCCC(OC)OC
54238690,6,CCCCCCCC=CC=CC=CC=O
5367766,1,CC=C(C)C(=O)OCC=CC1=CC=CC=C1
140045950,3,CCCCOC(=O)C1(C(O1)C)C2=CC=CC=C2
7695,3,CC(=O)OCC1=CC=C(C=C1)OC
99611,2,C1=CC=C(C=C1)C(=O)C(O)O
94454,6,CCCCCCCCCCCC(=O)OCCCCCC
5273465,7,CCCCOC(=O)C=CC1=CC=CC=C1
82650,5,CCOC(=O)CCCCCCCCCCC(=O)OCC
21003,4,C1CCC(C1)C2CCCC2=O
9017,3,CC(CCC=C(C)C)CCOC(=O)C
14508,0,CC1=CC=C(N1)C=O
523027,3,CCOC(=O)CCC(C)(OCC)OCC
86707,0,CC1C2CC(C1=O)CC2(C)C
7635,7,CCCCC(CC)COC(=O)C
21265,1,CC(=CCOC(=O)C1=CC=CC=C1)C
522131,0,CCCC(=O)CO
104425,1,CCCCCCCCCOC(=O)CC
221166,3,CCOC(=O)C(C)OC(=O)C
8186,1,CCCCCCCCCCC=O
102648,0,CC1CCC(C(C1)OC)C(C)C
94386,0,CC(C(=O)OC)O
1182,5,CC(C)C(C(=O)O)N
85826,2,CCOC(C(C)C1=CC=CC=C1)OCC
5282110,7,CC(=O)OCC=CC1=CC=CC=C1
13250020,0,CCOC(=O)C1=CC=CC=C1CO
61835,6,CCCCCCC1CCCCC(=O)O1
578423,3,CCCC(=O)OC(C)(C)C1CCC(=CC1)C
612,0,CC(C(=O)O)O
79552,0,CCCCCCC(=O)OCCC1=CC=CC=C1
118225,3,CCCC(CCCC(=O)OCC)OC(=O)C
17198,1,CC(=O)C1=CC(=C(C(=C1)OC)O)OC
8184,3,CCCCCCCCCCCO
10430,3,CC(C)CC(=O)O
87630,0,CCCCCCCC=CCO
5281531,0,CC(=CCCC1(C2CC3C1(C3C2)C)C)CO
8298,0,CC1CC(CC(C1)(C)C)O
102916,3,CCCCC(CC)C(=O)OCC
17867063,1,CC1C2=C(C=CC=C2OC1=O)C
91361,6,CCCCCCCCCCCCCC(=O)OCC(C)C
9815597,4,CCCCCCC(=O)OC(C)CCC
25045,3,CCCCCCCCCCC(C)O
81964,3,CCCCC(=O)OCCC1=CC=CC=C1
8034,7,CC(C)CCC(=O)C
6998,0,C1=CC=C(C(=C1)C=O)O
5365872,1,CC(=CCCC(=CCCC(=CCCC(C)(C=C)O)C)C)C
552119,4,CCCCOC(C)OCC
1549521,3,C1=COC(=C1)C=CC=O
5463488,3,CCCCCC=CCCC(=O)OCC
25404,3,CCCCCCCCCCC(=O)OCCCC
141710,0,CC1CCCCCCCCCCCCC(=O)O1
8026,7,CCON=O
76662,7,CCC(=O)C1=CC=CO1
6428969,7,CC=CC1=CC(=C(C=C1)OC(=O)CC(C)C)OC
58,1,CCC(=O)C(=O)O
121719,0,CC1(C2CC1C(=C)C(=O)C2)C
8141,0,CCCCCCCCC
84338,6,CCCCCCCCCCCCCC(=O)OCCC
20928,0,CCCC(C=C)O
10796756,0,C1COC(=O)C1CC=O
78122470,6,CCC=CCCCC1CCCC(=O)O1
8207,7,CCCCCCCCCCCCCO
5984,1,C(C(C(C(C(=O)CO)O)O)O)O
347077,0,C1=CC=C(C=C1)C(=O)OCCOC2=CC=CC=C2
111440,0,CC(C)CC(=O)OCCC(C)CCC=C(C)C
8129,2,CCCCCCCO
53689298,3,C1CCCOC(=O)C=CCC1
23203,2,CCCCC=CC=CC=O
9589,0,CC(=O)C1=CN=CC=C1
5370602,0,CC(C)CC=C(C=O)C1=CC=CC=C1
8918,4,CCCCCCCCCOC(=O)C
637776,1,CC=CC1=CC(=C(C=C1)OC)OC
5355333,4,CCCOC(=O)C=CC=CC
5363231,2,CC(C)CCC=CC(=O)C
6885,1,C1C2=CC=CC=C2C(=O)O1
8221,6,CCCCCCCCCCCCCCCCCCO
5463906,4,CCCCCCCC=CC(=O)OCCCC
22973762,7,CC(C)CCOC(=O)C(C)C1=CC=CC=C1
5362876,0,CC(=CCC=C(C)CCO)C
7144,1,CC1=CC(=C(C=C1)O)OC
27868,7,CCC(C)C(=O)OC1CC(CCC1C(C)C)C
36081,0,CC(=O)OC1CCC(CC1)C(C)(C)C
61342,2,CCCCCCCC(=O)OCCCCCCC
7847,0,C=CC=O
522404,3,CC(C)CCOC(=O)CCC(=O)C
21503,4,CCCCCCOC(C)OCCCCCC
5362623,4,CCC=CCC(=O)OCC
5281517,2,CC(=CCCC(=CCCC(=C)C=C)C)C
6435866,3,CC=CC(C)C(=O)O
122491,2,CCC=CCC=CC=CC=C
102495,3,CCCCCCC(C)CO
7465,0,CC(C)C1=CC=C(C=C1)O
82610,3,CCC(=O)OC1CCC(CC1)C(C)(C)C
7047,1,C1=CC=C2C(=C1)C=CC=N2
61447,7,CCCC(=O)OC(CC)C1=CC=CC=C1
8763,3,CCC(=O)OCC(COC(=O)CC)OC(=O)CC
527286,3,CCCCCCCC(=O)OCCC(C)CCC=C(C)C
12297,3,CCCCC(C)O
6366072,4,CCCCCCOC(=O)C(C)C=CC
5282730,2,CCCCCCCC=CCCC(=O)O
7894,0,CC(C)CCN
5355254,3,CCCC(=O)OCC=CC1=CC=CC=C1
5356352,3,CC=C(C)C(=O)OC
7970,2,CC1=CN=CC=C1
18698,1,CCCCC1CCCC(=O)O1
10722,1,CC1=CC=CC=C1C=O
5282725,4,CCCCCCC=CCC(=O)O
81894,7,CCCC(=O)OCCCC1=CC=CC=C1
36822,0,C1CCC2=NC=CN=C2C1
8833,3,CC(CCCC(=C)C)CCOC(=O)C
35408,7,CCCCCCCCCC(=O)OCCCC
71586960,4,CCCCCC=CCCOC(=O)C
8027,1,C1=CNC=C1
97785,2,CC(C1OCCO1)C2=CC=CC=C2
66678,1,CC1=CC2=C(C=C1)NCCC2
35821,3,CC1=CCCC(C1CCC(=O)C)(C)C
88168807,7,CC(C)CCCOC(=O)CCC(C)C
67116,1,CCOC1=C(C=C(C=C1)C=O)OC
8791,6,CCCCCCCCCCCC(=O)OCC1=CC=CC=C1
6434067,4,CCCC=CCC(=O)O
5362622,4,CCC=CCC(=O)OCC
61953,7,CC1CCC2(O1)C(=CCCC2(C)C)C
9473,1,CC(=O)OCC1=CC2=C(C=C1)OCO2
20219,3,CCCCCCCC(=O)OCC=C
86751,0,CCC(C)CCCC(C)(C)O
11191,0,CCOCC=C
62362,0,COC1=C(C=CC(=C1)CC=C)OC(=O)C2=CC=CC=C2
112553,4,CCC=CCCC1CCC(=O)O1
595928,0,CC1COC(O1)C2=CC=CC=C2
231325,3,CCCCC(=O)C1=CC=CO1
637563,1,CC=CC1=CC=C(C=C1)OC
78236,4,CCCCCC(=O)CCC
6538156,0,CC(CCC=C(C)CCC=C(C)C)C=O
6999928,6,CCCCCC(C)C(=O)O
7708,3,C1=CC=C(C=C1)COC=O
448996,7,CCCCCC(=O)C=CC
19603,2,CCCCCCCC1=CC=CO1
112491,3,CC(CCCC(C)(C)OC)C=O
19844,1,COC1=C(C=CC(=C1)C(=O)OC)O
284,0,C(=O)O
61942,0,CC(=C1CCC2(C(C1=O)O2)C)C
22311,0,CC1=CCC(CC1)C(=C)C
79187,3,CCCCCCCCC(=O)OCCCCCCCC
41923,6,CCCCCCCCCCCCCCCC=CC=O
93375,2,CC1C=C(CCC1C=O)C
101950342,2,CCCCOC(CC(C)CCCC(C)(C)O)OCCCC
25068,3,CCCCCCCCCCCC(=O)OC(C)C
61151,0,COC1=CC=CC=C1C(=O)OC
6433214,0,CCCCC=C1C(=C(C(=O)O1)C)C
75364,0,CCCCCCCCCCCCC(=O)C
84556,3,CCCC(=O)OC1=CC=C(C=C1)C
53428368,6,CCC(C)CCCCCCCCCCCCC=O
7829,3,COC(=O)CCCCCCCCC(=O)OC
74351,2,CC1=CC=C(C=C1)OC2=CC=CC=C2
105516,0,CC(C)(C)C(=O)OCCC1=CC=CC=C1
25238,1,COC1=C(C=CC(=C1)CC=C)OC(=O)CC2=CC=CC=C2
101834904,2,CCCCCCOC(CCCC)OCCCCCC
10322,1,C1OC2=C(O1)C=C(C=C2)CO
61010,1,C1=CC=C(C=C1)CCCOC=O
6441593,3,CCCCCCCCCC=CCOC(=O)C
61048,4,CC(C)COC(=O)C1=CC=CC=C1
105179,1,CCOCC1=CC=CC=C1OC
7194,0,C1=CC=C(C=C1)CCOC(=O)C2=CC=CC=C2
5319706,6,CCC=CCC=CCC=CCCCCCCCC(=O)OC
5365069,4,CCC=CCCOC(=O)C(C)CC
156273,2,CCCCC1OCC(O1)C
31408,0,CC1(C2CC=C(C1C2)CCO)C
102967,4,CC1C(OC(O1)C)C
7119,1,COC1=CC2=CC=CC=C2C=C1
19137,3,CC(=O)CCC1=CC=C(C=C1)OC(=O)C
520911,1,CC1=CC=C(O1)CO
12507,0,COC1=CC=C(C=C1)C=C
61319,3,CCC(=O)OCC=C
6430180,0,CCCCCCCC=CCCC=O
5338463,1,CC1COC(O1)C=C(C)CCC=C(C)C
2724159,0,CC(=C)C1CCC(=CC1)C=O
66356,3,CCCCC(=O)OCC(C)C
5283337,4,CCCCC=CCCC=O
14296,0,CC1=C(N=C(C(=N1)C)C)C
14614417,0,CC(CCC=C(C)C)CC(C)(C)O
12741,0,CCCCCCCCC(=O)C
7463,0,CC1=CC=C(C=C1)C(C)C
9015,1,COC1=CC=C(C=C1)O
70418333,2,CCCCCC(OCC(C)C)OCC(C)C
13663,0,CC(=O)C1=CC=CC2=CC=CC=C21
1616260,0,CC=CC(=O)C1=C(CCCC1(C)C)C
11265,3,CCC(=O)C(C)C
226902,3,CCCC(C)C(=O)OCC(C)C
5144,0,C=CCC1=CC2=C(C=C1)OCO2
61260,2,CCC(=O)C1=CC=CN1
14475,6,CCCCCC(C)C(=O)O
61035,0,CC(=O)OCCCCCCCCCC=C
5463840,0,C1=CC=C(C=C1)C=C(C(CO)O)O
5283339,6,CCCCC=CC=CC=O
98403,0,CC(CCCC(C)C=O)CCC=C(C)C
62447,2,CCCCCCCCC=CC=O
5352539,4,CCC=CCCOC(=O)C(C)C
20508,0,C1CCC(CC1)CCO
61346,0,CCCCCC(=O)C=C
11635,0,CCCCCCCCCCCCCCCCCC
5281553,0,CC(=CCC=C(C)C=C)C
149211,0,CCCCCCCCCCCCC=CC=O
62007,7,CCOC(=O)C1=C(OC=C1)C2=CC=CC=C2
6557,0,CC(=C)C=C
9025,1,COC1=CC(=CC=C1)OC
8792,3,CC(C)CC(=O)OCCC1=CC=CC=C1
5368785,0,CC(=CCCC(C)(C)O)C=C
985,5,CCCCCCCCCCCCCCCC(=O)O
169818,2,CC(CCCC(=C)C)CO
12206,4,CCCCC(=O)OC
7646,3,CC(C)C(=O)OCC1=CC=CC=C1
579336,1,CC1=C(C(CCC1)(C)C)CCC(C)O
3018362,1,CCCCCCCCCOC(=O)C1=CC=CC=C1N
736172,1,COC1=C(C=CC(=C1)C(C(=O)O)O)O
5320250,1,CC(=CCC=C(C)C=C)C
5369044,2,CCOC(C=CC=CC)OCC
100495,7,CCCCCOC(=O)C1=CC=CC=C1N
8194,1,CCCCCCCCCCCC=O
225856,0,CC1C(OC(O1)C2=CC3=C(C=C2)OCO3)C
6442642,6,CCC=CCC=CC=CC=O
6989,1,CC1=CC(=C(C=C1)C(C)C)O
442348,1,CC1CCC2C13CC=C(C(C3)C2(C)C)C
62490,7,C1CC(OC1)CCCC2=CC=CC=C2
11230,1,CC1=CCC(CC1)(C(C)C)O
10698,0,CC1=CC(=C(C(=C1)C)O)C
8299,1,CC(=O)CO
75469,1,CCOC(C1=CC=C(C=C1)C)OCC
66751,0,CCCCCCCCOC(=O)C1=CC=CC=C1
102578,7,CC1=CC(C(CC1)C(C)C)OC(=O)C
68128,1,CC1=CCC(CC1)C(=C)CCC=C(C)C
8222,0,CCCCCCCCCCCCCCCCCCCC
7771,0,CC1=CC(=C(C=C1)O)C
91508,1,CC1(C2CC1C3(C(C2)O3)C)C
8834,7,CCC(=O)OCCC(C)CCC=C(C)C
53427962,2,CCC(C)COC(C)OCCC(C)C
9007,1,COC1=CC=CC(=C1)O
61665,0,CC(=C)C1CCC(O1)(C)C=C
562667,0,CCCCCCCCCOC(=O)CC1=CC=CC=C1
102507,0,CC(CCC=C(C)C)CC(OC)OC
674,0,CNC
5323650,7,CC=CC=CC(=O)OC
880,0,CC(=O)C=O
10797,1,CC1=CC=CO1
79098,0,COC1CCC(O1)OC
6435903,2,CC=CCCCCCCCC(=O)OC
146679297,2,CCOC(CC(C)C)OCCC(C)C
20083,2,CCCCCCC(C)O
14234,7,CC(C)CC(=O)OC(C=C)C(C)CC=C(C)C
10402,2,CC(CCC=C(C)C)CC(=O)O
5283468,1,CCCCCCCCC=CCCCCCCCC(=O)OCC(CO)O
53422473,4,CCCCCCOC(C)OCCC(C)C
8452,0,C1CCC(=O)C1
5364789,7,CCCCOC(=O)C(=CC)C
30220,2,CCCOC(C)OCC
6436486,4,CCCC=CC(OC)OC
7633,4,CC(=O)OC(C)(C)CCC1=CC=CC=C1
12738086,0,CCCCCCCCCC(=O)OC1CC(CCC1C(C)C)C
18686,3,CCOC(=O)C1CCCCC1
7590,1,CCOC(=O)CC1=CC=CC=C1
16833,4,CCCCCCCCCC(=O)OC(C)C
61403,2,CCCOC(C)OCCC1=CC=CC=C1
638011,3,CC(=CCCC(=CC=O)C)C
6433507,3,CCCCCC(C=CC1=CC=CC=C1)OC(=O)C
11716,2,CC(C=C)O
6433322,1,CC(=CCCC(=CC(C=O)O)C)C
79735,7,CCC(=O)C1=CC(=C(C(=C1)OC)O)OC
1491,5,C1=CC(=C(C=C1O)O)C(=O)O
568501,4,CCC(C)C(OCC)OCC
9024,3,CC(=O)OC(C)(C)CC1=CC=CC=C1
557222,2,CCCCCC(=O)OCC1=CC=CO1
140045938,4,CCCCCCOC(C=CCCC)OCCCCCC
7865,0,COC=O
73114,5,CC1(CCCC2(C1CCC(C2CCC(C)(C=C)O)(C)O)C)C
6429690,1,CCOC1=C(C=C(C=C1)CC=C)OC
8454,0,CN1CCCC1
5363291,2,CCC=CCCOC(=O)C(=O)C
525,5,C(C(C(=O)O)O)C(=O)O
53424389,0,CC=CC(=O)OCC1=CC=CO1
85438801,0,CCCC=C(CC1=CC=CC=C1)C=O
14525,1,CC1(C2CCC(C2)(C1=O)C)C
8187,6,C=CCCCCCCCCC=O
61743,3,C=CCCCCCCCC(=O)O
62477,4,CCOC(C=C)OCC
83453,2,CC(C)CC(OCC(C)C)OCC(C)C
5273467,7,CC(C)CCOC(=O)C=CC1=CC=CC=C1
89464,4,CCCC(CC(=O)OCC)OC(=O)C
6436502,4,CC=C(C)COC(=O)C
62835,0,CC1C(=C(C(=O)O1)O)C
94217,0,CC(=C)C1CCC(C(C1)O)(C)O
110664,7,CC1=CC=C2C(CCCC2(O1)C)(C)C
8050,3,CCCCCCCCCC(=O)OC
53953985,1,C1=CC=C(C=C1)C=C(C=O)C2=CC=CO2
6435882,4,CCC=CCCOC(=O)CC=CCC
62876,2,CCCCOC(C)OCCC1=CC=CC=C1
5463909,1,CC=CC1=CC(=C(C=C1)OC=O)OC
5362581,7,CCOC(=O)C1C(O1)(C)C2=CC=C(C=C2)C
10957,3,CC(C)COC=O
61209,0,CC1CCC(=O)C1=O
11527,0,CCCCCC(CC)O
7761,4,CCOC(=O)CC(=O)OCC
5352461,4,CCCC=CCOC(=O)CCC
3084426,4,CC(=O)OC(C)(C)C=C
510370,4,CC=CCCO
243,0,C1=CC=C(C=C1)C(=O)O
7793,4,CC(CCC=C(C)C)CCO
5363289,3,CCCCCCCCC=CCCCCCCCCOC(=O)C
14249069,1,CCC(=O)C(C)(C(=O)OCC)O
15302,3,CCC(=O)COC(=O)C
87813,2,CCCCCCCCC(OC)OC
2839799,2,CC1COC(O1)CC(C)CCC=C(C)C
70797,2,CCCCCCC1=CC=CC=N1
439263,0,CC1CCC(C(C1)O)C(C)C
7392,0,CC(C)(C)C1CCC(=O)CC1
62328,7,CCC(=O)OC(C)(C)C1CCC(=CC1)C
62332,1,C1=CC=C(C=C1)CCOC(=O)C2=CC=CC=C2O
86799,1,CCCCCC1COCCC1OC(=O)C
100031,0,CC(=C)C1CC2C(O2)(C(=O)C1)C
6651,0,CC1(CCC(CC1)C(C)(C)O)O
24020,4,CCC(C)C(=O)OCC
31234,0,C1=CC=C(C=C1)CCCO
75427,2,CC(CCC=C(C)C)CC=O
61746,7,CC1=CCC(CC1)C(C)(C)OC(=O)C2=CC=CC=C2N
94349,1,CC1CCC2=C(C(=O)OC2C1)C
62661,0,CC(C)CC(CC1=CC=CC=C1)O
95016,0,CCCOC(=O)C1=CC=CC=C1N
31265,3,CCCCCC(=O)OCC
6436439,0,CCC=CCCC1(CCC(=O)O1)C
5363229,3,CCCCC=CC(=O)C
7469,3,CC(=O)C1=CC=C(C=C1)O
8738,1,CCCCOC(=O)C(C)O
20748,7,COC(=O)C1CCCCC1
64685,0,CC1(C2CCC1(C(C2)O)C)C
17166,2,CCCCCCC=CC=O
77907,2,CCCC1=CC=CO1
6437473,0,CCCC=CCOC(=O)C1=CC=CC=C1O
101285,1,C1OC2=C(O1)C=C(C=C2)COC=O
6435834,1,CCCCCC(=CC1=CC=CC=C1)COC=O
205,1,CC(C(C(=O)O)N)O
82493,0,CC(C)CC(CC(C)C)OC(=O)C
5280435,0,CC(C)CCCC(C)CCCC(C)CCCC(=CCO)C
17016,0,CC1=C(C(=C(C=C1)C)O)C
247573,3,CC(=O)OC1CC2CCC1(C2(C)C)C
93896,1,CCCCCCCCC(=O)OCCC1=CC=CC=C1
6997350,0,CCCCC(CC)CCC(=O)O
5366044,1,CC(=CCCC(=CCOC(=O)CC1=CC=CC=C1)C)C
5273464,1,CC(C)OC(=O)C=CC1=CC=CC=C1
98323,0,CC1CCOC1=O
122941,0,CCOC1=NC=CN=C1C
61935,3,CC1=CC2=CC(=O)CCC2CC1
5352557,4,CCC=CCCOC(=O)C
121694,2,CCC1=C(OC(=N1)C)C
228548,1,CC(=O)CC(OC)OC
61005,3,CC(C)C(=O)OCCOC1=CC=CC=C1
74901,3,CCCCC(=O)OCCC(C)C
522771,1,C1=CC=C(C=C1)COC(=O)C2=CC=CC=C2N
5355851,0,CC(C)C(=O)OCC=CC1=CC=CC=C1
117549,3,CCCCCC1=CCCC1=O
100990,7,CC(C)C1=CC=C(C=C1)COC(=O)C
101834900,2,CCCCCCOC(CCCCC)OCC
1550890,1,C1=CC=C(C=C1)C=CCOC(=O)C=CC2=CC=CC=C2
12729,4,CCOC(=O)CCCCCCCCC=C
3022986,3,CCCCCC(C=C)OC(=O)C(C)C
12587,0,CC(C)CCC(=O)O
5429,5,CN1C=NC2=C1C(=O)NC(=O)N2C
80354,3,CCCCCCCCCCCCOC(=O)CC
8133,3,CCCCOCCO
61781,7,CC1=CCC(CC1)C(=C)COC(=O)C
6434541,0,CCC=CCC=CCCO
162458,3,COC(=O)C1=CC=CC=C1NC=O
62348,1,COC1=C(C=CC(=C1)CO)O
8909,7,CCCCOCCCC
670,7,C(C(=O)CO)O
9895,4,CC1=C(C(CCC1)(C)C)C=O
14952082,6,CCCCCCCCCCC(C(=O)OC)OC(=O)C
79406,0,COC1=CC=C(C=C1)CCCO
1183,0,COC1=C(C=CC(=C1)C=O)O
999,1,C1=CC=C(C=C1)CC(=O)O
61016,2,CC(CCC=C(C)C)C=O
92138,1,CC(=C)C1CC(CCC1(C)C=C)C(C)(C)O
5364526,3,CCC(=CCCC(=CC=O)C)C
5284507,2,CC(=CCCC(=CCCC(C)(C=C)O)C)C
8500,7,CC1=CC=C(C=C1)C(=O)C
7758,7,CCC(C)OC(=O)C
91162,4,CCCCCC(C(=O)C)C(=O)OCC
5463875,4,CCCCCC=CCOC(=O)C
14790534,7,CC(=O)C(=O)OCC=C
20797,0,CC1CC(=O)C=C2C1(CC(CC2)C(=C)C)C
95495,7,CC(C)CCCC(C)CCCC(=O)C
6437300,3,CCCCCCOC(=O)C=CC1=CC=CC=C1
5356896,3,CCCCCCCCOC(=O)C=CC
15606,4,CCCCCCCCC(=O)OC
8201,5,CCCCCCCCCCCCCCCCCC(=O)OC
112030,3,CCOC(=O)C(CC(C)C)O
94886,4,CCCCCCC1OC(C(O1)C)C
20858,3,CCC(OCC)OCC
19964037,0,CCC(OC)OCC
20224800,1,CCC(C)CCCCCCC=O
13774146,4,CCCCC=CCC=O
35960,0,COC1=CC(=CC(=C1O)OC)C=C
5352836,4,CCCC=CCCCO
161960,0,CCCCC1COCC(C1OC(=O)C)C
15717,7,C=CCOC(=O)CC1=CC=CC=C1
5352813,4,CCC=CCC(C)OC(=O)C
101023,3,CC(C)C(=O)OC(C)(C)CC1=CC=CC=C1
118782,4,CC(=O)CCCCCCC=C
5373729,3,CC1=C(C(CCC1)(C)C)C=CC(C)O
5702619,3,CCCCCC=CCCCO
8122,5,CCCCCCCCCCCCCCCCCC(=O)OCC
8007,0,CCCCN
442384,0,CC1CCC2(C(C3CCC2(C1C3)C)(C)C)O
637520,3,COC(=O)C=CC1=CC=CC=C1
8180,6,CCCCCCCCCCC(=O)O
12072,1,CC1CCC(CC1O)C(=C)C
442343,3,CC1=CCC(CC1)C(C)(CCC=C(C)C)O
60990,1,CC1=CC=C(C=C1)C(C)C=O
964,0,C(C(=O)C(=O)O)O
6435823,7,C1=CC=C(C=C1)CCCOC(=O)C=CC2=CC=CC=C2
66930827,3,CC(=C)C(=O)C(C)(C)C1=CC=CC=C1
5352543,4,CCCCCC(=O)OCCC=CCC
7409,2,CC(C1=CC=CC=C1)O
44630408,2,CCC=CCC=CCCO
7460,0,CC1=CCC(C=C1)C(C)C
5371802,7,CC1=CC=C(C=C1)C=CC=O
3085845,0,CC1=C[N+](=CC(=N1)C)C(=O)C
7895,3,CCCC(=O)C
3023083,4,CCC(C)C(=O)OCC=C
108902,0,CCCCCCCCCC(=O)OCCCCCCC
16670,3,CCCCCCCOC(=O)CC
12329,7,COC(=O)CCCCC(=O)OC
12398,0,CCCCCCCCCCCCCCCCC
7360,3,C1CC(OC1)CO
61155,1,CC(=O)OC1=CC=CC=C1OC
330573,1,CC1=CCC(CC1O)C(=C)C
89559,6,CCCCCC1C=CC(=O)O1
6437137,4,CCCC=CCCOC(=O)C(C)C
139559011,0,C1=CC=C(C=C1)CCCC2=CC=NN2
18280,0,CC(C)C(C)C(C)(C)O
14257,0,CCCCCCCCCCC
519158,6,CCCCCCCC(CC)O
6992244,3,CCCCCC(C=C)O
61125,0,CC1(CC2C1CCC3(CCCC2(C3)O)C)C
24583,0,CCCCCCC(C)C=O
6997333,0,CCCCC(C)CCC(=O)O
138420,3,CCCCOC(=O)C(C)(C)C
11747,6,CCC(=O)C(=O)C
251529,1,CC(=CCCC(C)(C=C)OC(=O)CC1=CC=CC=C1)C
6328581,7,CCOC(=O)CC(=CC(=O)O)C(=O)O
519129,4,CCCC=CC(=O)OCC
5352162,7,CCCC(=O)OCC=C(C)CCC=C(C)C
62752,1,CCC1=C(C(=O)CC1)O
111779,7,CC(C)CC(=O)OCC1=CC=C(C=C1)O
27892,0,CCCCCC(C=C)OC(=O)CCC
91163,3,CCCCCCCCC(C(=O)C)C(=O)OCC
23367,4,CCCCCC(=O)OCC1=CC=CC=C1
62117,0,CC(C)C1=CCC(CC1)C(=O)O
19089,2,COCCC1=CC=CC=C1
54531251,4,CCCCCCCCCC=CC(=O)OC
4837,0,C1CNCCN1
5362720,0,CCC=CCCCCC=O
16324,4,CCCC(=O)OCC=C
5365136,4,CCCCCCCC(=O)OCC=CCCC
11543,0,CCCC(C)(C)O
12053,2,CC(C)(C1=CC=CC=C1)O
61834,0,CCCCCCCC1CC=CC(=O)O1
140045945,2,CCCCCCOC(C)OCCCC
121677,0,CC1=CC2=C(C=C1)C(CC=C2)(C)C
78435,0,CC1=CC(=C(C(=C1C(=O)OC)O)C)O
86733,3,CC1COC(O1)CC(C)C
85071,4,CC(C)C(=O)OCC=C
94608,7,CCCC(=O)OC(C)C1CCCCC1
5283349,6,CCCCCC=CC=CC=O
61814,1,CC1=CC(=C(C=C1)C=O)C
5356596,7,CCCCCCCC=CC(=O)O
221393,3,C1CCC(CC1)CCOC=O
118199,3,CCOC(=O)C1C(=CC=CC1(C)C)C
164623,3,CCC(C)C(C(=O)O)O
3085610,0,CCCC(=O)OC(C)(C(=O)C)OC(=O)CCC
5366049,0,CC=CC(=O)OC1CC(CCC1C(C)C)C
101834902,4,CCCCCCOC(C)OCC1=CC=CC=C1
8052,4,CC(C)CCOC=O
549676,3,CCCCC(C(=O)OC)O
1549778,4,CC(=CCCC(=CCCC(=O)C)C)C
551316,7,CCCC(=O)OCC1CCCO1
96204,2,CCCCCCCCCC=CC(=O)O
110740,7,CCCCC(C)OC(=O)C
7129,0,CCOC1=CC2=CC=CC=C2C=C1
71349956,3,CCCCCC=CO
61052,0,CCC(=O)OCCCC1=CC=CC=C1
5364920,4,CCC=CCO
15076,5,CCCCCCCCCCCCCCCCCO
7343,0,CCOC(=O)C(=C)C
69702,0,C1CCC(CC1)CCC(=O)O
521326,4,CCCCCCCCOC(=O)CCCCCC
18027,6,CCCCCCCCCCCCCCCC(=O)C
208861,3,CCCCCC(=O)OCC=CC
5283363,2,CCCCCCCCCCC=CC=O
5282108,0,CC1=CCCC(C1C=CC(=O)C)(C)C
119838,0,CC1=C(C(=O)C(CO1)O)O
8181,1,CCCCCCCCCCCCCCCC(=O)OC
95978,3,CCCCCOC(=O)CC(C)C
521321,3,CC(C)COC(=O)C(C)(C)C
98118,0,CC(CCCC(C)(C)O)CC=NC1=CC=CC=C1C(=O)OC
6435869,2,CCC=CCCCC=O
79457,3,CC(C)COC(=O)CCCCCCCCC=C
6434513,0,CC(=CCCC(=CCCC(C)(C=C)OC(=O)C)C)C
107152,1,CC1CCC(CC2=C1CCC2C)C(=C)C
86834,7,COC(=O)C1C(O1)C2=CC=CC=C2
102861,3,CCCCCC1C(CCC1=O)CC(=O)OC
69410,7,CC(=O)OCCCCOC(=O)C
22182954,4,CC(C)CCCCOC(=O)C
61448,3,CCC(CC)COC(=O)C
3102,0,C1=CC=C(C=C1)C(=O)C2=CC=CC=C2
23037164,2,CC(C)C=NCC1=CC=CO1
146679225,2,CCOC(C(C)C)OCC(C)C
175220,1,CCCCCCCOCC(=O)CO
62539,0,CCC(=O)C(=O)CC
129,3,CC(C)CCC=O
93046,0,CC1(C2CCC3(C1C2)CO3)C
118210,4,CCC(C)COC=O
5367412,2,CCCCCC=CC=CC=C
68481,1,CC(=O)C1=CC=CC=C1OC
5282184,6,CCCCCC=CCC=CCCCCCCCC(=O)OCC
62572,3,CCOC(=O)CC(C)O
8163,3,CCCCCCCCCC(=O)C
24197,3,CCOC(=O)CC(C(=O)OCC)O
24510,3,C1CCC(CC1)OC(=O)C2=CC=CC=C2N
83268,0,CC(C)CCCC(C)(C)O
83466,2,CCOCCOCCC(C)C
6429310,1,CC1C(=O)C=CO1
93838,3,CC1CCC2(O1)C(CCCC2(C)OC(=O)C)(C)C
520583,4,CCCCCCC=COC(=O)C
8082,0,C1CCNCC1
5355855,2,CC(C)CC(=O)OCC=CC1=CC=CC=C1
4133,1,COC(=O)C1=CC=CC=C1O
1550884,1,CCCCCCC(=CC1=CC=CC=C1)C=O
529500,4,CCCC=CC(=O)OCC(C)C
5283335,6,CCCCCCC=CC=O
79582,3,CCCCCCCC(=O)OCC(C)C
10817,0,CC1=CC=C(C=C1)C(C)O
8723,0,CCC(C)CO
125207,6,C=CCCCCCCCCCC(=O)O
97707,0,CCCCCC1C(CC(=O)O1)C
3022280,0,CCCCC(CC)C(=O)OCCC1=CC=CC=C1
5355856,7,CCCC(=O)OCC=C(C)CCC=C(C)C
11593,3,CC(=O)COC(=O)C
6435824,3,CC=CC(=O)OCC(C)C
7601,0,C1=CC=C(C=C1)CCOC(=O)CC2=CC=CC=C2
8021,0,CCNCC
93199,0,CC(=CCCC1=CCC(CC1)C=O)C
16205867,5,CCCCCCCCCCCCCCCCCC(=O)OC1CC(CCC1C(C)C)C
12813,0,CCCCCCC1CCC(=O)O1
26204,0,CC(C)CC(=O)C(=O)C
5362897,3,CCC(=CC)C=O
5283381,0,CCCCCCCCC=CCCCCCCCC=O
228987,2,CC(CC1=CC=C(C=C1)C(C)(C)C)C=O
460,1,COC1=CC=CC=C1O
34645,2,CC1CCC(C(=O)C1)C(=C)C
12041,7,CCOC(=O)C(=O)C
524369,3,CCCCCOC(=O)CC(=O)OCCCCC
12497,0,CCC(=O)OC1=CC=CC=C1
6429195,1,CC1(C2CC=C(C1C2)COC=O)C
5352972,4,CCCC=CCOC=O
129821760,4,CCCCCC(=O)OC=CC(=C)C
11286864,2,CCCCCC=CCCCC(=O)O
68289,0,C1OC2=C(O1)C=C(C=C2)O
60999,1,C1=CC=C(C=C1)CC(=O)OCC2=CC=CC=C2
123385408,4,CCCCCCCC=CC(=O)OCC(C)C
6430804,7,CCCCCOC(=O)C(=CC)C
5366077,0,CC=CC(=O)C1C(=CCCC1(C)C)C
521238,2,CCCCCC(CC)OC(=O)C
100240,2,CCCOC1=NC(=CN=C1)C
12105,1,CC1=CC(=CC=C1)C=O
14928,0,CCCCCCCCCCCCCCCCCC(=O)OCC(C1C(C(CO1)O)O)O
3022477,6,CCCCCCCCCCCCCC(=O)OCC(C)CC
7938,0,CC1=CN=CC(=N1)C
7755,0,CCC(C)CC(=O)O
61988,0,CCN1C=CC=C1C(=O)C
61041,0,CC1=C(C(CC=C1)(C)C)C=O
521300,0,CCC(=O)CO
529770,7,CC(=O)CCC(=O)OCC=C
8209,6,CCCCCCCCCCCCCCO
650,0,CC(=O)C(=O)C
702,1,CCO
61014,1,C1CCCCCC(=O)OCCOC(=O)CCCCC1
537615,4,CCCCC(CC)OC(=O)C
226920,3,CCCCCCOC(=O)C(C)CCC
7981,3,CCCCOC(=O)CC(C)C
62098,1,CC(=O)CCC1=CC2=C(C=C1)OCO2
5356697,2,C=CC=CC=O
5283328,4,CC=CCCCCC=O
641423,7,C=CCOC(=O)C=CC1=CC=CC=C1
89560,1,CCCCCCC(C=C)O
81263,1,CC(CCCC(=C)C)CCO
7953,2,CC1=CC(=NC(=C1)C)C
66026407,2,CCCCCCCC1(CC1)C(=O)O
61633,0,CC1CC(=O)C(=O)C1C
5365992,3,CCCCCC(=O)OCC=C(C)CCC=C(C)C
6570,1,CC(=O)C=C
53649670,2,CCCCC=COC(=O)C1=CC=CC=C1
5356261,7,CCCCCC(=O)OCC=CC1=CC=CC=C1
106729,4,CC(C)CCOCC(=O)OCC=C
11137872,3,CCCCC(C(=O)OC)OC(=O)C
11525,0,CC1CCC(=O)CC1
2998,5,CCCCCCCCC(=O)NCC1=CC(=C(C=C1)O)OC
90960,0,CC(CC(=O)O)CC(C)(C)C
7662,7,CC(C)C(=O)OCCCC1=CC=CC=C1
6433790,0,CCCC=CC=CCCCO
27866,2,CC1CCOC(C1)C=C(C)C
113514,0,CC1CC(CO1)(C)C2=CC=CC=C2
13594,2,C1CC=CC(=O)C1
62336,2,CC(C1=CC=CC=C1)C(OC)OC
6616,1,CC1(C2CCC(C2)C1=C)C
110747,2,CC(C)CCCC(C)CC=O
238307,2,CCCCCC1=CN=CC=C1
30748,6,CCCCCCCC=CC=CC=O
11622,0,CCCCCCCCCCCC(=O)C
7678,4,CC(=O)CC1=CC=CC=C1
15600,0,CCCCCCCCCC
79409,1,CC1(COC(OC1)(C)C2=CC=CC=C2)C
15538,3,CC(=O)CC(=O)OC(C)(C)C
1146,0,CN(C)C
5367762,4,CCCOC(=O)C(=CC)C
5354280,0,CCOC1=C(C=C(C=C1)C=CC)O
7772,7,CCC(=O)OCCC(C)C
92821,1,CCCOC(=O)C(C)O
447466,0,CC=CC=O
10465,5,CCCCCCCCCCCCCCCCC(=O)O
5312887,0,CCCCCCCCCCC(=O)C(=O)O
26049,1,CC1=CCC2C(C1)C2(C)C
69956,3,CC(C)CCOC(=O)CCC(=O)OCCC(C)C
7966,0,C1CCC(CC1)O
5283366,2,CCCCCCCCCCCC=CC=O
4564493,1,CC1=C(C(=O)CO1)O
5634,6,C=CCCCCCCCCC(=O)O
530818,0,CC1=CC=CC=C1OC(=O)CC2=CC=CC=C2
6436336,0,CCCCCC=CC=CC(=O)OC
21885377,1,C=CCCCC1CCCC(=O)O1
43045,3,CC1CCC(C(C1)OC(=O)CC(=O)C)C(C)C
79049,3,CCC(C)OC=O
88332,0,CC1=CCCC(C1=O)(C)C
8658,1,COC1=CC=CC=C1C=O
39914,0,CCCCCC1CC=CC(=O)O1
6140,0,C1=CC=C(C=C1)CC(C(=O)O)N
121738,7,CCCCCCCCCC(=O)OCC(C)C
68470,0,CC(=O)N1C=CC2=CC=CC=C21
5463933,6,CCCCCC=CCCC=CC=O
520455,4,CCCCCCCCOC(=O)C(C)CC
24835,1,COC1=C(C=CC(=C1)CC=C)OC=O
16299,1,CCCCCOC(=O)C1=CC=CC=C1O
6436311,1,CCC=C(C)C(=O)OCC
11039,3,CC(C)C(=O)OC
118146,2,CC(C)C1=CC=C(C=C1)C(C)C=O
49988,3,CCCC(=O)OCCC(C)CCCC(C)C
5352459,4,CCCC=CCOC(=O)C(C)CC
7060,0,CC1=NC2=CC=CC=C2C=C1
24433,7,CCCCOC(=O)C1=CC=CC=C1N
8193,0,CCCCCCCCCCCCO
10874,2,CCCCC1=CN=CC=C1
113204,0,COCC1=NC=CN=C1
517863,1,CCCCCCCCCOC(=O)C(C)C
151986522,2,CCCCCCOC(CCCCC)OCCCC
5282709,4,CCCCC=CC(=O)O
10408,1,CC(C)CCCC(C)CCCC(C)CCCC(=O)C
8038,3,CC(C)COC(=O)C
101599349,2,CCCCCC(OCC)OCCC(C)C
5283356,1,CCCCCCCCC=CC=O
243691,6,CCCCCCCCCCCCOC(=O)C(C)C
66967,5,CCCCCCCCCCCCCCCC(=O)OCC(C)C
5364759,6,CCCCCCC=CCCCCCCCC(=O)OCC
5363526,0,CC=C(C)C1CCC(O1)(C)C
8158,6,CCCCCCCCC(=O)O
8048,1,CCCCCCCCCC(=O)OCC
931,0,C1=CC=C2C=CC=CC2=C1
61085,7,CC(C)C(=O)OCCC(C)CCCC(=C)C
5365589,4,CC=CCCCO
8138,3,COC(=O)CCCCCCCCC=C
119831,0,CC1CCC2C13CC(C2(C)C)C(=C)C(C3)O
11567,0,CC1CCCC(=O)C1
519382,3,CC1=C(C(CCC1)(C)C)CCC(=O)C
6365451,4,CCCCCCC=CCOC(=O)C
6544,1,CC1=CC(=O)CC(C1)(C)C
643731,2,CCC=CCCC=CC=O
19838,3,CCOC(=O)C(C)(C)C
1549018,3,CCC=CCC1=C(CCC1=O)C
16800,2,CCCCCC1=CC=CC=N1
6970,5,CC1CCC(C(C1)OC(=O)C2=CC=CC=C2O)C(C)C
75320,4,CCCCCCCCCC(=O)OCCC(C)C
5364949,0,CCCCCCCCCCC=CCO
5365910,4,CC(=CCCC(=CC(=O)OC)C)C
148244548,4,CCCC(=O)OC=CC(=C)C
39742,3,CCCCCCCCC(=O)OCCCC
6429333,0,CC=C(C=O)C1=CC=CC=C1
3018383,6,CCCCCCCCCCCCC(OCC)OCC
3486665,1,CCOCC1=CC=CC=C1O
638228,0,CCCCC=CCC
7657,1,C1=CC=C(C=C1)COCC2=CC=CC=C2
61406,3,C=CCOC(=O)CCCCCC1CCCCC1
5283358,6,CCCCCC=CCC=CC=O
3776,0,CC(C)O
442402,0,CC1=CCC2(CCCC(C23C1C3)(C)C)C
6558,0,CC(C)CN
5281168,4,CCCC=CC=O
7268,3,CCOC(=O)C(=O)OCC
3033866,7,CC1=CCC(=C(C)CCC=C(C)C)CC1
256028,4,CCCCC(C1=CC=CC=C1)C(=O)OCC
560109,2,CCCCCCCC1OCC(O1)C
7826,4,CCCCCCC(=O)OC
12038,1,CCOC(=O)C1=CC(=C(C=C1)O)OC
87287812,4,CCCCOC(=O)CC=CCC
984,6,CCCCCCCCCCCCCCCC=O
80018,4,CCCCCC(C)OC(=O)C
119919,4,CCCCCCCCCCCCOC=O
121767,7,CC(=O)OC1(CCCCC1)C
68346,2,CC(=CC(=O)C(C)(C)C=C)C
23235,2,CCCCCCOC(=O)C1=CC=CC=C1
5365004,0,CCCCCCCCC=CCO
107381,2,CC1CC(OC(O1)C)(C)C2=CC=CC=C2
12198,3,CC(COC(=O)C)OC(=O)C
5281515,0,CC1=CCCC(=C)C2CC(C2CC1)(C)C
140045942,2,CCCCCCOC(C)OCCCCC
54034681,4,CCCCCCC=COC(=O)CC
6437267,7,CC=C(C)C(=O)OC1CC(CCC1C(C)C)C
244468,3,CCCC(=O)OCCCCCCCCCC=C
16832,7,CCCCCC(=O)OC(C)C
346273,1,C1=CC=C(C=C1)CCCOC(=O)C2=CC=CC=C2
8160,7,CCCCOCCOC(=O)C
65724,3,CC1=CC(=O)C2CC1C2(C)C
15068,0,CC1=CC(=C(C=C1)O)C(=O)C
6366446,0,CCCCC=CCCOC(=O)CC
90160,4,CC(OCC1=CC=CC=C1)OCC2=CC=CC=C2
5352834,4,CC=CCCCOC(=O)C
94378,0,CCCCCCCC(=O)CCC1=CC(=C(C=C1)O)OC
112252,4,CCOC(CCCCC(C)C)OCC
5541,3,CC(=O)OCC(COC(=O)C)OC(=O)C
12296,4,CC(C)CCCO
81898,0,CC(=O)CC(C)(C)C1=CC=CC=C1
10106,0,CC(C)C12CCC(O1)(CC2)C
18554,1,CCC1=CC=CO1
12809178,3,CCCCCCCCCCC(C(=O)C)C(=O)OCC
22182802,0,CCC(C(=O)OC1CC(CCC1C(C)C)C)O
75468,1,CCOC(C1=CC=C(C=C1)OC)OCC
121731,0,CC1=CC=CCC1
637759,7,CC(=O)C=CC1=CC=CC=C1
62334,3,CC(=O)OC1CCCCC1C(C)(C)C
6435841,1,CCC=CCC1=C(C(=O)CC1)C
61967,0,CC=C(C)C(=O)OCC1=CC=CC=C1
11969488,0,CCC=CCCC1CCCC(=O)O1
60995,2,COC(CC1=CC=CC=C1)OC
61134,7,CCCCOCC1=CC=CC=C1
27458,0,CCC1=NC=CN=C1CC
11094611,0,CCC(=O)N1CCC=C1
7224,0,CC1=CC2=CC=CC=C2N1
31219,3,CCC(=O)OCC1=CC=CC=C1
31211,1,CC(=O)CCC1=CC(=C(C=C1)O)OC
62333,3,CCOC(=O)C(C(C(=O)OCC)O)O
21108,0,CC(=O)CCCCCC=C
6428782,4,CCCC=CC=O
11468,0,CC(C)C1=CCC(CC1)(C)O
11576,7,CCCCOC(=O)CC(=O)C
76674,1,CC1=CC(=CC(=C1)OC)O
347508,3,CCCCCCCCOCC1=CC=CC=C1
12127,0,COC1=C(C=C(C=C1)C=O)O
12265,2,CC1=CC=C(N1)C
108410,7,CC(=C)C1C(C(CCC1(C)C=C)COC(=O)C)(C)C
121700,3,CCCC(=O)CC(=O)OC
7284,4,CCC(C)C=O
6654,0,CC1=CCC2CC1C2(C)C
3086387,4,CC1=NC=CN=C1OC(C)C
16441,0,CC(=C)C1CCC(=CC1)C=O
5362583,2,CCCCCC=CCCC(=O)OCC
69968,6,CCCCCCCCCCCCCCCCCCOC(=O)C
101604,7,CC(=O)OCCC1=CCC2CC1C2(C)C
251531,3,C1=CC=C(C=C1)CCOC(=O)C2=CC=CO2
6919,5,C1=COC(=C1)C(=O)O
1548943,0,CC(C)C=CCCCCC(=O)NCC1=CC(=C(C=C1)O)OC
5367807,7,CC=C(C)C(=O)OCC(C)C
5797328,3,CC1=C(C(CCC1)(C)C)C=CC(C)OC(=O)C
285097,0,CCCCCCC1(CCC(=O)O1)C
7593,7,C1=CC=C(C=C1)CC(=O)CC2=CC=CC=C2
7476,1,CC(=O)C1=CC=C(C=C1)OC
31283,1,CCCCCCCCCCCCCC(=O)OCC
50006,7,CC(C)CCCC(C)OC(=O)C
6438067,3,CC=CC(=O)C1CCC(C=C1C)(C)C
7983,7,CCCCOC(=O)CCC
61137,3,CCCCC(=O)OCCCC
6658,3,CC(=C)C(=O)OC
5362561,3,CCCCC(CO)C(=O)C
5356908,3,CCCCCCOC(=O)C=CC
7362,1,C1=COC(=C1)C=O
61712,0,CCC1=CC(=C(C(=C1)OC)O)OC
7991,0,CCCCC(=O)O
31272,7,CCCCOC(=O)C
5363230,1,CCCCCCCCC=CCCCCCCCC(=O)OCCCCCC
520296,1,CCCCCCCCCC1CCCC(=O)O1
5317045,3,CCCCCC=CC(=O)C
5356940,3,CCOC(=O)C(=CC1=CC=CC=C1)C(=O)C
78750,1,CCCCC1=CC=CC=N1
16204532,2,C1CCC(CC1)CC2=NC=CN=C2
12101,0,CCC1=CC(=CC=C1)O
83553,3,CCOC(C1=CC=CO1)OCC
106997,0,CCC1(C(C2CCC1(C2)C)(C)C)O
69951,3,CCC(CC)C(=O)OC
53654,0,CC1N=C(CO1)C
216439,7,CC1=CCC(CC1OC(=O)CC(C)C)C(=C)C
219171,1,CCCCOC(C1=CC=CC=C1)OCCCC
138260,2,CCCC(OC)OC
110661,0,CC1(C2CCC(C2)(C1OC=O)C)C
6438200,0,CCCCCC=CC=CC(=O)OCCC
444212,5,C(C(=CC(=O)O)C(=O)O)C(=O)O
66963592,3,CC1C(C=C2C1(C=CCC2(C)C)C)O
122485,0,CC(C)C1CCC(C=C1)(C)O
61229,1,CC(=O)OC1=C(C=C(C=C1)C=O)OC
61243,0,C=CC(CC=O)C1=CC=CC=C1
5382490,0,CCOC1=C(C=C(C=C1)C=CC)OC
524975,0,CCCC1=CC(=C(C(=C1)OC)O)OC
15613,1,CC(C)OC(=O)C=C(C)C
69396,3,CC(C)CC[N+](=O)[O-]
20745,1,CC(CCC=C(C)C)O
5832948,3,CC1=CCC2C(CC2(C)C)C(=C)CCC1OC(=O)C
10024,1,CCOCOCC
13501357,4,CCCCCCC(=O)C(=O)CC
5369489,7,CC(C=CC1=CC=CC=C1)O
7438,1,CC1=CCC(CC1O)C(=C)C
138187,4,CCOC(C)(C1=CC=CC=C1)OCC
439568,0,CC1(C2CCC1(C(C2)O)C)C
8116,0,C=CCOCCO
545267,2,CC(C)COC(C(C)C)OCC(C)C
112045,7,CCCCC(=O)OC(C)(CCC=C(C)C)C=C
21895,1,C1C(OC(O1)CC2=CC=CC=C2)CO
30181,0,CC1CC(=O)CC(C1=O)(C)C
61153,0,COC1=CC=CC=C1C=C
7704,1,CCCCC1CCC(=O)O1
5365794,2,CCOC(C=C(C)CCC=C(C)C)OCC
83043387,3,CCCC(CO)C(=O)OCC
307343,0,COC(=O)C1=CC=CC=C1NC(=O)CC2=CC=CC=C2
78941,7,CCCCC(=O)OC1CC(CCC1C(C)C)C
68379,3,CC(C)OC(=O)C1=CN=CC=C1
6584,7,CC(=O)OC
91978,1,CC(C)CCOCCC1=CC=CC=C1
24624,3,CCOCCC(OCC)OCC
5956805,7,CC(=CCCC(=CCOC(=O)CC(=O)C)C)C
78879,2,CC(=C)CCOC(=O)C
62571,6,CCCCCCCCCCCC(=O)OCCCCC
5321950,4,CC=C(C)C=O
522255,3,CCOC(=O)CCCCCCCC=C
523918,3,CCCOC(=O)C(=O)C
102611,1,CC(=CCCC(C)(C1CO1)O)C
637090,0,CC=CC(=O)O
61361,0,CCCCC1C2=CC=CC=C2C(=O)O1
5463962,4,CCC=CCCOC(C)OCC
5363388,4,CCC=CCCOC(=O)C
15608,6,CCCCCCCCCCCCC(=O)OC
8871,0,C1=CC(=O)NC=C1
75987722,3,CC(=CCCC(=CCCC(C)(C1CO1)O)C)C
11558,1,CC1C=CC(=O)O1
12397,0,CCCCCCCCCCCCCCCO
641256,4,CC=CC=CCO
229387,3,CCCCCCCCCCOC(=O)CCC
95540,3,CCCCCOC(=O)C(C)CCC
439250,0,CC1=CCC(CC1)C(=C)C
5356544,2,CC(=CCCC(=CCCC(C)(C=C)O)C)C
62126,2,CC1=C(C(CC=C1)(C)C)CCC(C)O
240,0,C1=CC=C(C=C1)C=O
5284421,6,CCCCCC=CCC=CCCCCCCCC(=O)OC
7170,3,CCOC(=O)CC(=O)C1=CC=CC=C1
251530,3,CCCC(=O)OCC(=C)C
31210,1,CCCCOC(=O)CC1=CC=CC=C1
69027,3,CC(C)(C)C(=O)OC
70960,3,CC1=C(C(=O)CC1)OC(=O)C
556998,0,CC1CCC(C(C1)O)C(C)(C)O
10822,1,CCC1=CC=NC=C1
7728,2,CCC1=CN=C(C=C1)C
94292,3,CC(CO)C=C
637195,3,CC(C)CCCC(C)CCCC(C)CCCC(=CCOC(=O)C)C
8785,7,CC(=O)OCC1=CC=CC=C1
107,1,C1=CC=C(C=C1)CCC(=O)O
61030,4,CCCCCCCCOC(=O)CCC
12367,4,CCCCCCCC(C)O
875,5,C(C(C(=O)O)O)(C(=O)O)O
116625,3,CCCCCCCCCCCC=CC=O
77544,3,CCOC(=O)COC
5352481,7,CC(=O)C=CC12C(CCCC1(O2)C)(C)C
64805,2,CC(CC1=CC2=C(C=C1)OCO2)C=O
5352428,6,CCCCCC=CCC1CCC(=O)O1
13614902,2,CCCCC(=O)CCO
6450832,4,CC1CCC2(O1)C(=C)C=CCC2(C)C
97881,4,CCCCCC(C)OC(=O)CCCCC
5367767,1,CCC=CCCOC(C)OCCC=CCC
5283338,2,CCC=CCCCCC=O
53436656,6,CCCCCCOC(=O)C=CCCCCC
8438,1,C1OC2=C(O1)C=C(C=C2)C=O
31264,7,CC1OC(OC(O1)C)C
16846,0,CCCOC(=O)C1=CC=CC=C1
24727453,3,CCCC(=O)CCCC(=O)OCC
31353,3,CC(=CCCC(C)(C=C)OC(=O)C1=CC=CC=C1)C
7797,3,CCCCCCC(=O)OCC
22873,4,CCCCCCOC(=O)CCCCC
62902,4,CCCC(C)C(=O)OCC
69600,0,COC1=CC(=C(C=C1)C=O)O
12516,7,CCOC(=O)C=C(C)C
15605,6,CCCCCCCCCCCOC(=O)C
246728,3,CCCCCC(=O)CC
8092,2,CCCCCC#CC(=O)OC
3032731,0,CCC(=C(C)C(=O)C)C
521314,0,CC1(C2CCC(C1C2)CO)C
1049,0,C1=CC=NC=C1
93781,1,CCOCC1=CC=C(C=C1)O
78760,1,CCOC1=CC=C(C=C1)OC
104620,0,CCCC1=NC(=C(O1)C)C
21186827,0,CCC1=CN=C(C=N1)C(=O)C
92018,3,CC(=CCC(C)(C=C)C=O)C
42745,3,CC(CCOC(=O)C)CC(C)(C)C
5961,5,C(CC(=O)N)C(C(=O)O)N
105426,3,CC1=C(C(CCC1=O)(C)C)CCC=C
3024081,7,CC(C)CCOC(C1=CC=CC=C1)OCCC(C)C
6276,0,CCCCCO
1017,0,C1=CC=C(C(=C1)C(=O)O)C(=O)O
5365909,1,CCC=C(C)C(=O)O
5368491,7,CCCCCC(=CC1=CC=CC=C1)CO
125468,1,CC=C(C)C(=O)O
5280462,3,CC1=CC(=O)CC(C1(C=CC(C)O)O)(C)C
7146,2,CC(C=O)C1=CC=CC=C1
5281516,2,CC(=CCCC(=CCC=C(C)C=C)C)C
637523,4,CCCCCCOC(=O)C(=CC)C
641006,0,CCC(C)CN
82229,1,CC1(C2CCC(C2)(C1=O)C)C
75024,3,CC(C)(C(=O)OC)O
106826,0,CC(CCCC(C)(C)O)CC(N1C=CC2=CC=CC=C21)N3C=CC4=CC=CC=C43
10582,0,CC1(C2CC=C(C1C2)CO)C
98083,3,CCC1(OCC(O1)C)C
21606,3,CCCCCCCC(=O)OC(C)C
5352438,4,CCCC(=O)OCCC=CCC
162627,3,CCCC(=O)OCC(C)CC
643139,2,CCC=CCC=O
108244,2,CCCCCCOC(C)OCC
11409,3,CCCCOC(=O)C1=CC=CO1
62349,0,CC1CCC(OC(=O)C1)C(C)C
61375,4,CCC(=O)OC1CCCCC1
5352798,3,CCOC(=O)CCC=CCC=C
5744267,2,CCC=CCCOC(=O)C=CC1=CC=CC=C1
60983,1,CCCCC(=O)C(=O)C
7915,3,CC(C)OC(=O)C
6438319,3,CC=CCCC1CCCC(=O)O1
7622,0,CCCCN(CCCC)CCCC
6506,7,CCOC(=O)CC(CC(=O)OCC)(C(=O)OCC)O
22034999,4,CCCCCCOC(=O)C=CC=CC
90476041,2,CCCCOC(C)OCC(C)CC
138176,4,CC(C)OC(C)OC(C)C
11038,0,CC1C2CC(C2(C)C)CC1=O
101330,0,C1CCC(CC1)OC(=O)C2=CC=CC=C2O
244,7,C1=CC=C(C=C1)CO
641248,4,CC=CCCCO
129806554,3,CC1=CC(=C(CC1)C(C)C)OC(=O)C
69963,2,C=CCCCCO
7505,0,C1=CC=C(C=C1)C#N
440917,1,CC1=CCC(CC1)C(=C)C
146677681,2,CC(C)CCOC(C(C)C)OCC(C)C
74786,3,CCOC(=O)CCC=C
7304,1,CN1C=CC=C1
8863,2,CC(CCCC(C)(C)O)CC(OC)OC
67253117,5,CCCCCCCCCCCCCC(=O)OCC=CC1=CC=CC=C1
61310,4,CCCC=CC(=O)OC
17623,0,CC(=O)NC1=CC=CC=C1C(=O)OC
71587572,1,CCCCCC(CCCC(=O)OCC1COC(O1)(C)C)O
170948,3,CCCC(=O)OCC(C)OC(=O)CCC
5383805,7,CCC(=O)OCC=CC=CC
10778,3,CC1=CC=CC=C1OC(=O)C
57349573,1,CC(=CC(=O)C=C1COC1=O)C
95086,0,COC1=CC(=CC(=C1O)C2=C(C(=CC(=C2)C=O)OC)O)C=O
11160,3,CC(C)CC(=O)OC
175170,2,CCOC1=NC=CN=C1C(C)C
62350,0,CC1CCC(CC1O)C(C)C
14270,3,CC1=C(C(=O)CC1)C
12810,1,CCCCCC1CCCC(=O)O1
7963,2,CC1=CC=NC=C1
62913,1,CCC1CCC(O1)CC
7757,4,CC(=O)CC(=O)OC
11124,3,CCC(=O)OC
22011445,2,CCCCC(OCCCC)OCCCC
70324,0,CC(C)(C)C1=CC=C(C=C1)C=O
5366264,3,CC(=C)C=CCC(C)(C=C)O
79803,0,C1CC=NC1
43046,0,CCCCCCCC(=O)OC1=CC=C(C=C1)C
129847813,0,CC1=CC(=C(CC1)C(C)C)C=O
13406641,4,CCCCOC(CC(C)C)OCCCC
5463855,4,CCOC(=O)C(C)C=CC
66768,7,CCCCCCC1=CCCC1=O
85418,3,CCCCCCCCOC(=O)CC(=O)C
72872,0,CCOC1=CC=C(C=C1)C(=O)C
94602,7,CC1=CC(=C(C=C1)COC(=O)C)C
26396,0,CC1(C(CCC(O1)(C)C=C)O)C
61812,3,CCCCOC(=O)C(C)CC
6452201,7,CCC(C)(CCC=C(C)C)OC(=O)C
55253565,0,CCCCCCCC1C(O1)C=O
13244981,4,CCCC=CCC(=O)C
61914,3,CC(C)CC(=O)OC(C)C
69354,4,CC(=O)CCC(=O)OC
12044,3,CC(C)C(=O)OC(C)C
71587144,6,CCCCCCCCCC(=O)OCC1=CC=CO1
11428,3,CCC(CC)O
8797,0,CC1=CC=C(C=C1)OC(=O)C
138418,7,CCCOC(=O)C(C)(C)C
32967,3,CCCCCOC(=O)CCC(C)C
5364409,4,CCCC=CC(=O)OC
5365049,1,CCC=CCCOC(=O)CC
61337,3,C=CCOC(=O)C1=CC=CO1
61384,3,CCCCCC(=O)OCCC1=CC=CC=C1
6284401,1,C1COC(O1)C=CC2=CC=CC=C2
75187,7,CC1=CC=C(C=C1)COC(=O)C
73955,1,CCOC1=CC=C(C=C1)C
14286,0,CC(=O)C1=CC=CC=N1
77845,6,CCCCCCCCC1=CC=CO1
30215,4,CC1=C(OC(=N1)C)C
69351,3,CCCCCCCC(=O)OCCC
103034,0,CC(C1=CC=CC=C1)N(C)C
66581,1,COC1=CC=CC(=C1OC)C=O
578817,0,CC1=CN=C(C(=N1)C)CC(C)C
24838,4,CCCCCCOC(=O)C(C)CC
6306,5,CCC(C)C(C(=O)O)N
180,0,CC(=O)C
520326,3,CCC(C)C(=O)OCCC(C)C
3893,6,CCCCCCCCCCCC(=O)O
24117,7,C=CCOC(=O)COC1=CC=CC=C1
4775,1,C1=CC=C(C=C1)CCCC(=O)O
77224,4,CCCCCC(OCC)OCC
21648,7,CC(=O)CCC1=CC=C(C=C1)O
6495,0,CC(C)(OC)OC
11363,1,CC(=O)C(=O)C1=CC=CC=C1
74201,0,COC1=CC=CC=N1
80353,3,CC(=O)OC1CCCCCCCCCCC1
517970,4,CCCCCCC(=O)OCCCCCC
13163,3,CCOC(=O)CCCC(=O)OCC
102491,3,CCCCC(CC)C(=O)OC
101365,0,CCOC(=O)C1=CC=CC=C1NC
2829318,3,CCCCCCCCCCOC(=O)CCCCCCCC
14505,1,CC(=O)C1=CC=CO1
5916286,6,CCCCC(CC)C=CC(=O)O
5282718,4,CCC=CCCCC(=O)O
5366856,4,CCCC=CCCC(=O)OC
166302,4,CC(=CCOC(=O)C=C(C)C)C
221455,7,CCC(=O)OC1CC(CCC1C(C)C)C
5362833,2,CCC=CCCC=CCO
93009,1,CC(=O)OC1CC2CCC1(C2(C)C)C
92595,3,CC(C)CC(=O)OC(C)C1=CC=CC=C1
10223,0,CC1=CC2C(CCC(=C2CC1)C)C(C)C
95950,6,CCCCCCCCCCCCCC(=O)OCCC(C)C
76963,3,CC(=O)OC(C)(C)C1=CC=CC=C1
6540477,1,CCCCC(=CC)C=O
5463238,0,CCCC(=O)C=CC
98492,7,CCCCCOC(=O)CC1=CC=CC=C1
53421444,2,CCCCC(OCC(C)C)OCC(C)C
109224,4,CC(C)CCCC(C)CCOC=O
8090,6,CCCCCCCCCCCCCCCC(=O)OCCCC
74279,3,CCOC1(CCCCC1)OCC
77223,4,CCCCC(OCC)OCC
21059,7,CCC1=C(C(=O)C=CO1)O
522677,1,CC(C)COC(=O)CC(=O)C
110373,4,CC(=CCOC=O)C
26335,0,CC1=CN=C(C=N1)C=C
140045980,2,CCCCCCCCCCCC(OCCCCCC)OCCCCCC
13572,0,CC(C)CCCC(=O)C
98471,3,CC(=O)C1CCCC1=O
12216,0,CCCCCCC(CC)O
8364,3,CCCCC(CC)COC(=O)C1=CC=CC=C1O
5362572,0,CC1=NC=CC(=N1)C(=O)C
5367536,4,CCC=CCCCO
5365706,2,CCC=CCC=CCCO
101338,6,CCCCCCCCCCCC(=O)OCC(C)C
102667,1,CC1(C2CC1C(=C)C(C2)O)C
7580,0,C1=CC=C(C=C1)CC2=CC=CC=C2
61451,2,CCCCCCC#CC(=O)OCC
20534,0,CCCCC1=CC=CO1
7674,1,CCOC1=CC=CC=C1
8907,5,CCCCCCCCCCCCCCCC(=O)OC(C)C
8655,1,COC1=CC(=CC(=C1O)OC)C=O
61129,0,CC1(CCCC2(C1CCC3(C2CC(=O)O3)C)C)C
24515,7,CC(C)COC(=O)C1=CC=CC=C1N
6999858,3,CCCCC(C)C(=O)O
8469,7,CCOC(=O)C1C(O1)C2=CC=CC=C2
11830590,7,CC(C)C(=O)OC(C)(C)C1=CC=CC=C1
5352460,3,CCCC=CCOC(=O)CC(C)C
227544,7,CC(C)CCCOC(=O)C1=CC=CC=C1
5317247,2,CCOC(=O)C=C(C)CCC=C(C)C
8767,1,CC(CCC=C(C)C)CCOC(=O)CC1=CC=CC=C1
10285,2,CC1=CC=NC2=CC=CC=C12
637517,6,CCCCCCCCC=CCCCCCCCC(=O)O
12257,7,CC(C)OC=O
3019031,6,CCCCCCCCCCCCCCCC(=O)OCCC(C)C
74934545,1,CCCCOC1=C(C=C(C=C1)C=CC)OC
106766,0,CC(=CCC(C)(C)C(OC)OC)C
5364586,2,CCCCC=CC=CCO
527,2,CCC=O
8365,7,CCOC(=O)C1=CC=CC=C1O
69320,2,CCCC1=CC=CC=N1
4047281,3,CCOC(=O)COC1=CC=C(C=C1)C
101080,7,CCCCC(=O)OCC(C)O
59912546,4,CCCCCCCCOC(=O)CCC(C)C
2879,0,CC1=CC=C(C=C1)O
8830,3,CCCCOC(=O)CCC(=O)OCCCC
6943,0,CC(C)C1=CC=CC=C1O
61160,3,CC(C)OC(=O)C(C)O
68329,3,CC(C)OC(=O)CC(=O)C
34134,0,CCC=CCCC=CCO
7858,0,C=CCO
4428124,1,CCCCCCCC(C)C=O
7225,1,CC1=NC2=CC=CC=C2O1
76153,0,CC1=CN=C(C=N1)OC
101145,3,CCCCCOC(=O)C(C)O
173535,4,CC(C)C(=O)OCC=C(C)C
10976,2,CCCCCC(C)O
5368821,0,CC=C(C)C=CC=C(C)C
106917,7,CC1CC(CC(C1)(C)C)OC(=O)C
81464,4,CCCCCCCOC(=O)CCCCC
5363537,3,CCCC=CCCC(=O)C
5373603,0,CCC=C1C2=CC=CC=C2C(=O)O1
7353,3,CCCCOC(=O)C(C)C
81359,7,CC(=O)CCC(=O)OCC1=CC=CC=C1
29096,0,CC(CCCC(C)(C)O)C=C
8060,0,CCCCCN
27457,2,CCC1=NC=CN=C1C
61006,4,CC1=CC=C(C=C1)CC=O
12040,2,CCCC(C(C)C)O
151492,3,CCCC(CC(=O)O)O
6437648,7,CCC(C)C(=O)OCC=C(C)CCC=C(C)C
5281163,3,CCOC(=O)C(=CC)C
31225,3,CCC(=O)OCCC1=CC=CC=C1
95397,4,CCCCCCCCCC1OCC(O1)C
57347944,2,CC(C)CCOC(CC(C)C)OCCC(C)C
5375218,0,CCC(=O)C=CC1=C(CCCC1(C)C)C
6435914,0,CC(C)C=C(C=O)C1=CC=CC=C1
68252,0,CC1=CC(=C(C=C1)C(C)C)OC(=O)C
7707,2,C1=CC=C(C=C1)CCC=O
3321360,0,CC1CCCC(=O)C1=O
18363691,2,CC(=O)OC(C1=CC=CC=C1)O
7184,5,CCCCOC(=O)C1=CC=C(C=C1)O
5352976,4,CCCCC(=O)OCCC=CCC
7720,1,CCCCC(CC)CO
229377,4,CCCCCCC(=O)OCCC
8051,3,CCCCCC(=O)C
112450,7,CCC(C)COC(=O)CC1=CC=CC=C1
22034852,7,C=CCOC(=O)CC1CCCCC1
88572921,7,CCCC(=O)OC(CC)COC(=O)C
5367391,6,CCC=CC=CCO
13227122,3,CCOC(=O)CC(C)(OCC)OCC
61407,7,C=CCOC(=O)CCCCC1CCCCC1
8821,0,CCOC(=O)C=C
10947,1,CC1CCCCCCCCCCCCC(=O)C1
61918,0,CCC1=NC=CN=C1C(=O)C
7957,4,CC(C)CC(CC(C)C)O
110543,3,CCC(=O)OC1=C(OC=CC1=O)C
22568,3,CC(=O)OCCOC1=CC=CC=C1
103688,7,CCOC(=O)C1C(O1)C2=CC=C(C=C2)C
61955,3,CCCCC(=O)OCC1=CC=CO1
114523,2,CCCCCOC(C)OCC
240925,0,CC1=CC(=C(C(=C1)OC)O)OC
68968648,4,CC(OC)OC(C)OCC1=CC=CC=C1
6548,1,CCC(C)(CCCC(C)C)O
5281,5,CCCCCCCCCCCCCCCCCC(=O)O
7294,0,COC(=O)C=C
994,0,C1=CC=C(C=C1)CC(C(=O)O)N
527428,1,CC1=CCC(CC1)(C(=C)C)O
7407,0,CC(=C)C1=CC=CC=C1
125,7,C1=CC(=CC=C1CO)O
61455,1,CCCCCCOC(=O)CC(C)C
96461,7,CC1COC(O1)C2=CC=CO2
21813,6,CCC(C)CCCCCCC(=O)O
1549025,7,CC(=CCCC(=CCOC(=O)C)C)C
81221,0,CC1=CC(=C(C=C1)OC)C
444972,5,C(=CC(=O)O)C(=O)O
5366844,4,CCCCCC=CCC(=O)OC
7344,0,CCOC(=O)C(C)O
61124,7,CC1=C(C(CCC1)(C)C)CC=O
11463,1,CC1=CCC(=C(C)C)CC1
101977,0,CC(CCC=C(C)C)CCO
95644,2,CC1CC=C(CC1C=O)C
12580,0,CCCC1=CC=C(C=C1)O
8892,6,CCCCCC(=O)O
62469,4,CCC(CC1=CC=CC=C1)C(=O)OCC
8159,3,CCCCCCCOC(=O)C
3032853,0,CC1CCC(C2C1C=CC(C2)C)C(C)C
93869,0,CCCCCC1CC1C(=O)O
17816,3,CC(C)CC(=O)OCC=C
11262,3,CCC(C)C(=O)C
5315941,1,C1CCCC=CCCCCCCCC(=O)CCC1
7019646,0,CC(CC=C)C(=O)O
112635,0,CCCCCCC(CCOC(=O)C)OC(=O)C
94206,5,CCC(C)C(C(=O)O)N
7342,7,CCOC(=O)C(C)C
7976,2,CC1=NC=CN=C1
69092,7,CCCOC(=O)C1=CC=CC=C1O
5355853,7,CCC(=O)OCC=C(C)CCC=C(C)C
77366,3,CC(C)COC(=O)CCC(=O)C
95425,3,CCCCC(CC)COC(=O)CC
81834,4,CCCCCCCC=CC(=O)OC
61177,4,CCCCCCOC=O
15448,3,CCCCCCCCCC(C)O
89463,4,CCCC(CC(=O)OC)OC(=O)C
61417,7,CCC(=O)OCC1=CC=C(C=C1)OC
61446,3,CC(C)C(=O)OC(C)(C)CCC1=CC=CC=C1
73689,0,COCC1=CC=C(C=C1)OC
101,1,C1=CC(=CC(=C1)O)C=O
196,5,C(CCC(=O)O)CC(=O)O
8362,5,CC1CC(CC(C1)(C)C)OC(=O)C2=CC=CC=C2O
12388,0,CCCCCCCCCCCCC
10742,0,COC1=CC(=CC(=C1O)OC)C(=O)O
95594,4,CC1=CC=C(C=C1)CC(C)C=O
7658,4,CCCC(=O)OCCC1=CC=CC=C1
19876973,2,CCCCC1C(O1)C=O
61334,3,CC1C(=O)C(=C(O1)C)OC(=O)C
13549,3,CCCOC(=O)CCC(=O)OCCC
5463228,2,COC(C=CC1=CC=CC=C1)OC
5282711,4,CCC=CCCC(=O)O
5369061,3,CCCC=CC(=O)CC
102515,3,CCCCC(C)C=O
5282822,6,CCC=CCC=CCC=CCCCCCCCC(=O)O
5365850,3,CCCCC(=O)OCC=C(C)CCC=C(C)C
61431,2,CCCCCCCC(OC)OC
5367848,4,CCCCCC=CCC1CCCC1=O
522284,0,CC(=O)CC1=NC=CN=C1
6631,3,CC1CCC(CC1)C(C)(C)OC(=O)C
181106,0,CCCCCCC(=O)C=C
7910,2,CC(C)CC(C)O
6937,0,CC1=CC(=C(C=C1)C(C)(C)C)O
73772,3,CCCCC(=O)OC1CCCCC1
61586,1,CCOCC1=CC(=C(C=C1)O)OC
16899,6,CCCCCC=CC=CC=O
21057,4,CCCCC(C=C)O
5283329,4,CCCC=CC=CC=O
5367698,1,CCC=CCCOC(=O)CC1=CC=CC=C1
7059,1,CC1=CC2=C(C=C1)N=CC=C2
6501,7,CCOC(=O)C1C(O1)(C)C2=CC=CC=C2
7092,0,CC1=CC2=C(C=C1)OC(=O)C=C2
14350,0,CC1(CC2C1CCC3(C(O3)CCC2=C)C)C
8908,7,CCCCCCOC(=O)C
8468,5,COC1=C(C=CC(=C1)C(=O)O)O
346286,2,CC(C1=CC=CC=C1)OC=O
61278,3,C=CCOC=O
76326,3,CCC(CC)C(=O)OCC
3023392,4,CCC=CCCOC(=O)C(CC)CC
251209,7,CCCOC(=O)CCC1CCCCC1
10873,3,CCOCC1=CC=CC=C1
149252478,3,CCCCCC1C(=O)OCCO1
7298,0,C1CCC(C1)O
3782139,0,CCCC1CC(=CC(=O)C1)C
6437467,3,CC1=CCCC(C1C=C(C)C(C)OC(=O)C)(C)C
61527,1,CC1=CC(=C(O1)C)C(=O)C
529300,4,CCCCCC(CC(=O)OC)OC(=O)C
86851,3,CC(C)CCOC(=O)C(C)O
5362792,4,CCC=CCCCCCO
5353011,0,CC(=CCCC(=CCOC(=O)C1=CC=CC=C1)C)C
15619,3,CC(C)C(OC)OC
109257,4,CC1COC(O1)(C)CCC=C(C)C
89886495,3,C1=COC(=C1)CC2=C(OC=C2)CC3=CC=CO3
17008,3,CC(C)CCC(=O)OC
9862,2,CC(=CCCC(=O)C)C
23572848,0,CC1CC(C2=NC=CN=C12)C
243675,7,CCCC(=O)OCC1=CC=C(C=C1)OC
13694693,6,CCCCCC1C(O1)C=O
6365957,1,CCC=CCCOC(=O)CC(=O)C
61418,3,CCCCC(=O)OC1CC2CCC1(C2(C)C)C
12180,3,CCCC(=O)OC
7770,7,CCCC(=O)OCCC
121739,3,CCCCCCCCCC(=O)OCCC
68148,0,C=CCC1=CC=C(C=C1)O
24473,0,CC1CCC(CC1=O)C(=C)C
7354,7,CCCCOC(=O)C(=C)C
454,3,CCCCCCCC=O
15595,0,C1CCCCCC(CCCCC1)O
263,0,CCCCO
3085213,3,CC(C)CC(=O)OC1=C(C=C(C=C1)CC=C)OC
82613,0,CCCCC(=O)OC1=CC=C(C=C1)C
108518,4,CCCCCCC(CC)OC(=O)C
19602,4,CCCCCC1=CC=CO1
162626,1,CCC(C)COC(=O)C1=CC=CC=C1O
641298,1,COC1=CC=CC=C1C=CC=O
26630,7,CCCCCC=CC(=O)C
61517,4,CC(CCC1=CC=CC=C1)OC(=O)C
20590,1,CC1=CCC(C1(C)C)C(=O)C
519179,4,CCC=CC(=O)OC
611,5,C(CC(=O)O)C(C(=O)O)N
7151,1,COC(=O)C1=CN=CC=C1
78245,3,CCCCCC=CC=CC(=O)OC
74904,1,CCOC1=CC=CC=C1OCC
5372353,7,CCC=CCCOC(=O)C1=CC=CC=C1N
5364517,2,CCCC=CCCO
169223,3,CCCCCCCCC(=O)OCC(C)C
15413,0,CC(C)(C)OC
459597,0,CCCCC1=NC2=CC=CC=C2C=C1
14511,0,CC1=CC(=O)CCC1
101588415,2,CCCCCOC(C)OCCCC
8369,7,CC1=C(C(=O)C=CO1)O
240122,1,CC1CCC(CC2=C1CCC2C)C(C)(C)OC(=O)C
7916,3,CC(=C)OC(=O)C
5282707,6,CCCC=CC(=O)O
7650,3,CCCC(=O)OCC1=CC=CC=C1
5366074,3,CC=CC(=O)C1=C(C=CCC1(C)C)C
129702099,7,CC1C(O1)(C2=CC=CC=C2)C(=O)OC
11509,0,CCCC(=O)CC
74008,7,CCCCCOC(=O)C1=CC=CO1
66600,0,CCC(=O)OC1=C(CCC1=O)C
61294,1,CCCCCCCCOC(=O)CCCCCCC
12578,0,CC(C)C1=CC=C(C=C1)C(=O)C
8174,1,CCCCCCCCCCO
529496,4,CCCCCC(C)OC(=O)CCC
5365847,2,CCOCC=C(C)CCC=C(C)C
5352845,6,CCCCCCCCCC=CCO
16872,4,CCCCCCOC(=O)C(C)C
21574,2,CC(CC=O)CC(C)(C)C
22757845,4,CCCCCC(CC)OC=O
26397,6,CCCCCCCCCCCCCCCCC(=O)OCC
13855,1,CC1CCC(O1)C
734154,0,COC1=CC=CC=C1C=CC(=O)O
29746,2,CC1CCCC2(C1(CCCC2)O)C
527143,7,CC1=CCC(CC1)C(=C)CO
5366038,3,CCCCCCOC(=O)C=CC
110977,6,CCCCCCCCC1CCCC(=O)O1
5365027,2,CCCCCCC=CCO
62445,3,CCC(C)COC(=O)CC(C)C
85224,0,CCCC1=NC=CN=C1C
110975,4,CCCCCC(CC(=O)OCC)O
71355598,3,CCCCC=CC(=O)C(C)C
61007,7,CC(=O)CCC1=CC=C(C=C1)OC
520395,0,CC1=CN=CC(=N1)OC
135,5,C1=CC(=CC=C1C(=O)O)O
25311,6,CCCCCCCCCCCCC=O
12506,3,CC(=O)OCC1CCCO1
3591866,0,C1CCCCC=CCCCCC(=O)OCCCC1
61875,3,CCCCCC=CCCC=O
7148,3,CCC(=O)C1=CC=CC=C1
75140,2,COC1=CC=C(C=C1)C(OC)OC
6421281,0,CCCCCC=CCC=CC=CC=O
78405,1,CCCC1=CN=CC=C1
6434672,3,CCC(=CCCC(C)(C=C)OC(=O)C)C
13854,0,C1=CNC(=C1)C=O
530286,4,CCCCCCOC(=O)CCC(C)C
519756,3,CC(C)C(=O)OC1=CC=CC=C1
102817,7,CCC(C)COC(=O)CC
5363206,4,CCCC=CCCOC(=O)C
519415,4,CCOC(C(C)C)OCC
198512,0,CC(C)CC1OC(OC(O1)CC(C)C)CC(C)C
102855,3,CCCCCC(=O)OCC(C)CC
86573,2,CCCCCCC=CC(=O)OCC
8294,7,CC(=CCCC(C)(C=C)OC(=O)C)C
5282723,4,CCCCCC=CCC(=O)O
522171,7,CC(C)COC(=O)C1=CC=CC=C1NC
5362782,4,CCC=CCC(=O)OC
226486,0,COC1=CC(=CC(=C1O)OC)CC=C
19633,4,CC(=CCCC(=CCCC(=O)C)C)C
8020,3,COCOC
530404,0,CC1CCC2=NC(=CN=C12)C
91496,7,CC(=C)C1CCC2(C(C1)O2)C
5370599,1,C1=CC=C(C=C1)CC(=O)OCC=CC2=CC=CC=C2
13546,7,CC(=CC(=O)OC)C
12613,4,CC(C)CCOC(=O)CC(C)C
5355854,1,CCCCCOC(=O)C=CC1=CC=CC=C1
8071,1,COCCOC
66955,4,CCCCCCC(=O)OCCC(C)C
6532,3,CC(C)C(=O)OC(C)(CCC=C(C)C)C=C
221641,0,CCCOC(=O)CC1=CC=CC=C1
175553,0,CCCCCCCC(CCCC(=O)OCC(CO)O)O
69188,3,CCOC(=O)C1=CN=CC=C1
7166,1,CC(=O)CC(=O)C1=CC=CC=C1
5362695,0,CCC=CCCCCCC=O
5988,1,C(C1C(C(C(C(O1)OC2(C(C(C(O2)CO)O)O)CO)O)O)O)O
79035,0,CC1(C2CC3C1(C3C2)C)C
61404,1,CCCCCCCCC(=O)C(=O)C
23534,2,CCOC(C(C)CC1=CC=C(C=C1)C(C)C)OCC
10795,2,CC(OC)OC
579675,0,CC1=CC(=C(O1)C(=O)C)C
57355543,1,CCCCCCOC(CCCCC)OCCC(C)C
104486,3,CCCCCCCCCCC(OCC)OCC
12210,3,CCC(=O)CCC(C)C
98054,7,CC(C(=O)OCC1=CC=CC=C1)O
79065,7,CCC(C(=O)C)C(=O)OCC
177,0,CC=O
7583,2,C1=CC=C(C=C1)OC2=CC=CC=C2
62375,1,COC(C1=CC=CC=C1)OC
61434,1,CCCCCCCCCCCC(=O)OC1=CC=C(C=C1)C
61415,4,CCCCCCC(=O)OCCCCC
7702,1,CCCC1=CC=C(C=C1)OC
62218,3,CCCCCC(=C)C(=O)C
7800,3,CCCCCCCCCCCC(=O)OCC
16296,7,CCCCCOC(=O)C1=CC=CC=C1
10396,6,CCCCCCCCCCCCCCC1CCC(=O)O1
5364291,2,CCC=CCC(OCC)OCC
347577,1,COC1=CC=CC(=C1O)CC=C
95269,4,CC1OCC(O1)CO
19315,0,CC(=O)CCCCC=C
11551,0,CCCCC(C)(C)C
5352267,4,CCCCCCCC(=O)OCCC=CCC
90245,0,CCC(=O)C1=C(C=CO1)C
65289,3,CC1=CCC(CC1)(C)C(=O)C
86044,4,CCCCCC(C)C=O
23726,4,CCCCOC(=O)C=CC
13143,0,CC(=C)C(=O)C
520667,1,CC1CC(=O)CO1
69203,0,CC(C)CCOC(=O)C1=CC=CO1
7562,1,C1COC(O1)CC2=CC=CC=C2
19543,1,CC(=C)CC(=O)C
12294,4,CCCCCC(=O)OCCCC
80800,4,CCCCCOCC1=CC=CC=C1
16537,0,CC1=CCC(CC1)C(C)(C)OC=O
61020,3,CC(=CC=O)C
560255,3,CCC(C)CC(=O)OCC
15146,4,CC(CC(=O)OC)O
5054,5,C1=CC(=CC(=C1)O)O
61302,3,CC(CCC1=CC=CC=C1)O
7936,2,CC1=CC(=NC=C1)C
2734646,0,CC1=C(OC2=CC=CC=C12)C
18718393,3,CCC(C)COC(=O)CC(C(=O)OCC(C)CC)O
79555,0,CCCCCCCCCCOC(=O)C(C)C
103653,4,CCC(C)COC(=O)C1=CC=CC=C1
35785,2,CCC(=O)C1CC(CC=C1C)C(C)C
10453,1,CC(C)CCCC(C)CCCC(C)CCCC(C)(C=C)O
179,0,CC(C(=O)C)O
5354883,3,C1=CC=C(C=C1)C=CCOC=O
989,1,CC1(COC(=O)C1O)C
519757,1,CCCCCCOC(=O)C(C)O
5352899,0,CCCC=C1C2=CC=CC=C2C(=O)O1
7778,4,CC(CCC=C(C)C)CCOC=O
7974,0,CC1CCCCN1
7943,4,COC(=O)CC(=O)OC
53423849,0,CCC1=CN=CC(=N1)C(=O)C
6427130,6,CCCCCC=CC=CC(=O)C
5362592,4,CCCCCC=CC=CC(=O)OCCC
24115,7,CC(C)C(=O)C(=O)C
62484,0,CCC(C(=O)C)O
6435826,0,CCC(=CC1=CC=CO1)C=O
736889,1,CC(=O)C=CC1=CC=C(C=C1)OC
24114,7,CCCCOC(=O)C(C)OC(=O)CCC
76852387,0,CCC1CCC2=NC=CN=C12
12711594,1,CC1=CC(=O)CO1
91388,0,CC(=O)C1CCCC(C1)(C)C
7301,1,CC1CCCO1
61040,0,CC(=CCCC(C)(C=C)OC=O)C
228769,4,CCCCCCCCOC(=O)CC(C)C
577126,0,CC1=C(C(CC=C1)(C)C)CCC(=O)C
7768,0,C1CCC(=O)NCC1
79544,3,CCCCCCCOC(=O)CCCC
13140453,3,CCC(COC(=O)C)C(=O)OCC
6363,0,CC(C)N
12209,3,CCC(C)COC(=O)C
120101,2,CC1=CC2=C(C=C1)OCC(=O)CO2
11176,3,CCCOC(=O)CC(C)C
19243,0,CC1CCC(C(C1)O)C(C)C
76889,1,C1=CC=C(C=C1)CCCCO
65427,0,CCC1CC(=C(C1=O)O)C
53438915,2,CCCC=CO
89734,7,CC(=O)CC(=O)OCCOC
16821,3,CCCCCCCCC1CCC(=O)O1
5362816,4,CCC=CCCC(=O)OCC
88561,3,CCC(=O)OC(C)(C)C
121797,7,CC1=CCC(CC1OC=O)C(=C)C
31241,4,CCCCC(CC)C=O
110759,3,CCCC(=O)OC1CC(CCC1C(C)C)C
62578,3,CC(C)CC(=O)OCCCC1=CC=CC=C1
122419,3,CCCC(=O)OCC(C)O
112240,1,CC(C)CCCCCCCOC(=O)C
92972,5,CC(=O)OCC(C(C(C(C=O)OC(=O)C)OC(=O)C)OC(=O)C)OC(=O)C
5358363,4,CCCCC=CC(=O)OCC
519890,4,CCCC(C)C(=O)OC
997,0,C1=CC=C(C=C1)CC(=O)C(=O)O
79117,4,CCCCOC(C)OCCCC
85377469,1,CC(=C)C=COC(=O)C1=CC=CC=C1
95568,3,CCCCC(CC)COC=O
15979,0,CC(C)CCCC(C)CCCC(C)CCCC(C)C
545397,4,CCCCCCCCOC(=O)C(C)(C)C
69346,0,CCCCCC(=O)CCCC(=O)O
68031543,2,CC1=C(OC(=N1)C)CC(C)C
5463905,3,CCCC(=O)C(CC)CC1=CC=CC=C1
342,0,CC1=CC(=CC=C1)O
17355,2,CC(=O)CCC1=CC=CC=C1
735940,1,CC(=O)C=CC1=CC=CO1
3722307,3,CCCCCCCC(=O)COC(=O)C
61658,3,CC(C)CC(=O)OCC1=CC=CO1
638132,4,CC=CC(=O)OC
6450462,4,CCCCCC(=O)OCC=CCC
243670,7,CCCCC(C)OC(=O)CCC
8093,4,CCCCCCC(=O)C
7365222,0,CC1CCC2=C1N=CCN2
2969,6,CCCCCCCCCC(=O)O
86280216,2,CC(C)C1=C(C=CC=N1)C(=O)C
10931,0,CC(=CC(=O)O)C
14400165,4,CC(=CCCC(=C)C=C)C=O
31244,7,COC1=CC=C(C=C1)C=O
7391,0,CC(C)(C)C1CCC(CC1)O
798,0,C1=CC=C2C(=C1)C=CN2
5367531,2,CCCCCCC=CC=CC=O
10199004,5,CC1CCC(C(C1)OC(=O)CCC(=O)O)C(C)C
79813,1,CCCCOC1=CC=C(C=C1)C=O
5365824,3,CCCOC(=O)C=CC
11982,7,CCCOC(=O)C1=CC=CO1
71406239,0,CCOC(C)C1=NC=CN=C1
957,1,CCCCCCCCO
11514,3,CC(C)CC(=O)OCC(C)C
11106485,1,CC1CCC2C13CCC(=C)C(C3)C2(C)C
2537,0,CC1(C2CCC1(C(=O)C2)C)C
82397,7,C1=CC=C(C=C1)CCOC(=O)CCO
7358,0,CCC(CC)CO
26331,0,CCC1=NC=CN=C1
3023950,7,CCCC(=O)OC1CC(CC(C1)(C)C)C
11449,1,CCCCCC(=O)C(=O)C
23518,6,CCCCCCCCCCCCCCC(=O)OC
17129,4,CCC(C)COC(=O)C(C)CC
3018210,2,CCOC(CC(C)CCC=C(C)C)OCC
61780,3,CC(=C)C1CCC(=CC1)COC(=O)C
61661,0,COCC1=CC=CO1
29644,2,CC1=C(OC(=N1)C(C)C)C
96325,7,C1CCC(CC1)OC(=O)CC2=CC=CC=C2
95633,1,CC1COC(O1)CC2=CC=CC=C2
66929,4,CCCOC(C)OCCC
439727,1,CC(C)C12CCC(C1C2)(C)O
142266,3,CC(=O)CC(=O)OCC1=CC=CC=C1
5355152,4,CCC=CCC(=O)O
61412,1,C=CCCCCCCCCC(=O)OCC=C
86753,3,CC1=CCC(CC1)C(C)CO
22507249,3,CC(=O)CC1=CC=CN1
12988,4,CC(=C)CCO
12508,3,CCC(=O)OC(C)C
90927,0,CCCCCC(CCO)O
112733,2,CCCCCCCCCC(=O)OCCC1=CC=CC=C1
61362,0,CC1=CC(=O)C(CC1)C(C)C
25611,4,CCCCC(=O)C(C)C
36689269,3,CC=CC(=O)OCC=C(C)CCC=C(C)C
8698,3,CCCCOC(=O)C1=CC=CC=C1
57347853,2,CC(C)CCOC(C(C)C)OCCC(C)C
518472,2,CC1(C2CCC1(C(C2)OC=O)C)C
6112709,4,CC(=CCCC(C)(C)OC(=O)C)C=C
31236,0,C1=CC=C(C=C1)OCCO
5365991,1,CC(C)C(=O)OCC=C(C)CCC=C(C)C
5810,5,C1C(CNC1C(=O)O)O
50216,1,CC(=CCOC(=O)C1=CC=CC=C1O)C
324224,0,CC(C)C1CCC2(C1C3C2CCC3=C)C
92780,0,CC(C)C1CCC(=O)C=C1
71397942,2,CCCCCCCC=CC=CO
129700071,0,CC=CC1=C(C(=C(C=C1)O)OC)OC
10282,0,CC1=CC(C(CC1)C(C)C)O
778574,7,CC(C)COC(=O)C=CC1=CC=CC=C1
7519,1,COC1=CC=CC=C1
5352975,4,CCCCCC(=O)OCCC=CCC
12530,6,CCCCCCCCCCCCC(=O)O
701,4,CCOC(=O)C(C)C(=O)C
31245,4,CCCC(C)C=O
117799,4,CCCCC(OC)OC
1711945,1,CC(=CCCC(=CCCC(=CCCC(=O)C)C)C)C
459494,2,C1=CC=C(C=C1)CCCC2=CC=CC=N2
5463954,0,CCCCCC(CCCC(=O)OCC(CO)O)O
98081,1,CC1COC(O1)C2=CC=C(C=C2)OC
643915,0,CC=C(C)C(=O)O
11335,1,CC1=C(C(=CC=C1)C)O
61054,1,COC1=CC=C(C=C1)COC=O
69523,2,CC(C)C1=CC=CC=N1
12327,3,CCCCCCCCCCC(=O)OCC
5364578,4,CCCC=CC(=O)C
13576,4,CCCCCCCC(=O)CC
6329,0,CN
1550886,0,CC=CC1=CC(=C(C=C1)OCC2=CC=CC=C2)OC
12571,3,CCCOC(=O)C(C)C
80865,7,CCOC(=O)CC1(OCCO1)C
757,5,C(C(=O)O)O
11980,3,CCOC(=O)C1=CC=CO1
118655907,0,CC1=NC=C(N=C1C)OC
86250565,3,CCCC(C)OC(=O)C(C)O
5352807,2,CCCCCC=CCCO
311,5,C(C(=O)O)C(CC(=O)O)(C(=O)O)O
7017232,7,CCCC(=O)OCC(C)C1=CC=CC=C1
8102,0,CCCCCCN
8078,1,C1CCCCC1
5354898,3,CC(=CC1=CC=C(C=C1)OC)C=O
19188,0,C1=CC=C(C=C1)OCC(=O)O
221644,4,CCOC1=CC=CC=C1C(=O)OCC
101821981,3,CCCCCCCCC(C(=O)OCC)OC(=O)C
5364941,2,CCCCCCC=CCO
236687,4,CC1COC(O1)C(C)C2=CC=CC=C2
8205,3,CCCCCCCCCCCCOC(=O)C
68968644,7,CC(C)CCOC(=O)CCCC1=CC=CO1
86579,0,CCC(=O)OC1CC2CC1C3C2C=CC3
103018,3,CCCCCC(=O)OC(C)C1=CC=CC=C1
33032,0,C(CC(=O)O)C(C(=O)O)N
53763665,6,CCCC=CC=CC=CC=O
54506697,6,CCCCCCCC=CC=CC=CC=CC=O
643789,7,CC=CCO
107561,0,CC1=CC(=O)C(CC1)C(C)C
12021,0,COC(=O)OC
7169,4,C1=CC=C(C=C1)C(=O)OC2=CC=CC=C2
8063,0,CCCCC=O
7410,1,CC(=O)C1=CC=CC=C1
69644,2,CCCCCCC(OCC)OCC
1030,5,CC(CO)O
61275,2,CC1=CCOC(C1)C=C(C)C
1032,0,CCC(=O)O
443180,0,CC1CCC(CC1O)C(=C)C
7359,4,CCC(CC)C=O
11511,0,CCC(C)CC(C)C
229153,0,CCCCCCCCCCC1OCC(O1)C
5355902,7,CC(=CC1=CC=CC=C1)C(=O)C
15271,3,CCC(C)CCC(=O)O
8914,0,CCCCCCCCCO
67253664,0,CCCCCCCC(=O)OC1CC(CCC1C(C)C)C
5281167,2,CCC=CCCO
11086,0,CC(=O)C1=CC=CC=C1N
12170,3,CC(=O)OCC1=CC=CO1
230525,7,CC1C(OC(O1)CC2=CC=CC=C2)C
5281534,0,CC(=CCC=C(C)C=C)CCC=C(C)C=O
77840,2,C=CC1=NC=CN=C1
6017272,1,CC1COC(O1)C=CC2=CC=CC=C2
163418,0,CCC1(C2(CCCC1(CC2)C)C)O
53428150,2,CCCCCOC(C)OCCC(C)C
6430188,7,CCCCCC=CCCCCCCC=O
31284,6,CCCCCCCCCCCCCC(=O)OC
61700,2,CC1=CN=C(C=N1)C(C)C
114454,4,CCCCCCC1CCCC1=O
7888,1,CC(CCCC(C)(C)O)CC=O
5283345,2,CCCCCCCC=CC=O
526614,0,C1=COC(=C1)CCC2=CC=CO2
97730,4,CCCCCCC=CC(=O)O
53428151,2,CCCOC(C)OCCC(C)C
85517881,3,CC1C(=O)C=C2C1(C=CCC2(C)C)C
25916,0,CCC1=NC(=CN=C1C)C
53428112,2,CCOC(C(C)C)OCCC(C)C
6736,3,CC1=CNC2=CC=CC=C12
441,3,CC(CC(=O)O)O
121710,0,CC1CC(=O)C=C1C
6437114,2,CCC=CCCC=CC(OCC)OCC
10045,0,CC(C(C)(C)C)O
7302,0,C1CC(=O)OC1
5980396,1,CC=CC(=O)OCC=C(C)CCC=C(C)C
6493,4,CCC(C)(CC)O
6434621,4,CCCCCCC(=O)OCCC=CCC
110941,2,CCOC(C)OCC(C)C
18728909,3,CCC(C)C(=O)OCCCCO
562246,0,CCCCCCCCCC(=O)OCC1=CC=CC=C1
118088,3,CC1=CC(C2CC1C2(C)C)OC(=O)C
520098,2,CCC(C)C1=NC=CN=C1OC
6436850,6,CCCCCCC=CC=CCO
442355,0,CC1=CCC2C3C1C2(CCC3C(C)C)C
61523,1,C1=CC=C(C=C1)CCCCCO
5319992,3,CC(C)CC(=O)OCC1=CCC2CC1C2(C)C
95266,2,CC1CC(OC(O1)CC2=CC=CC=C2)(C)C
16205756,3,CC=CC(=O)OC(C)(C)CC1=CC=CC=C1
82664,7,CCCCOC1=CC2=CC=CC=C2C=C1
246929,3,CCOC(=O)C(CC1=CC=CC=C1)C(=O)C
91850,4,CCCCCCCOC(=O)CC(C)C
61416,3,CCCCC(=O)OCCC(C)CCC=C(C)C
7725,1,CC1=CC=C(C=C1)C=O
75486,3,C1CCC(CC1)OC(=O)C2=CC=CC=C2
75554,3,CCCCCOC(=O)C(C)C
31289,0,CCCCCCCCC=O
230921,0,CC1(C2CCC1(C(=O)C2)C)C
25915,2,CCC1=NC=C(N=C1)C
13174,7,CCCC(=O)OC(C)CC
11378520,4,C=CC1=C(CCCC1)C=O
11579,0,CC(=O)CCC(=O)O
95979,4,COC(CCC1=CC=CC=C1)OC
2266,5,C(CCCC(=O)O)CCCC(=O)O
6436679,4,CCCCCC=CC(=O)OCCCC
5367785,3,CC=C(C)C(=O)OCC=C(C)CCC=C(C)C
5318599,2,CCCCCC=CCO
280190,3,CCCC(=O)CCCC(=O)O
68057,0,CC1=CC2=C(C=C1)C(CCC2)(C)C
229385,1,CCCCCCCCCCOC(=O)CC
62387,2,CC1(C2CCC1(C(C2)OC=O)C)C
8878,7,CCCCCCC(=O)OCC=C
61262,1,CC(=O)OCC1=CCC2CC1C2(C)C
12344,3,CC(C)CCCC(=O)O
